№,сталь,Ry,сечение,h,b,S,t,R,A_см2,вес_кг,Ix_см4,Wx_см3,Sx_см3,ix_см,Iy_см4,Wy_см3,iy_см
1,С245,240,кв.50х2,50,50,,,,3.9,3,14.4,5.7,,1.96,14.4,5.7,1.96
2,С245,240,"кв.50х2,5",50,50,,,,4.7,3.6,17.2,6.8,,1.93,17.2,6.8,1.93
3,С245,240,кв.50х3,50,50,,,,5.5,4.3,19.9,7.9,,1.91,19.9,7.9,1.91
4,С245,240,кв.50х4,50,50,,,,7.1,5.5,24.5,9.8,,1.86,24.5,9.8,1.86
5,С245,240,кв.50х5,50,50,,,,8.6,6.7,28.3,11.3,,1.81,28.3,11.3,1.81
6,С245,240,"кв.80х2,5",80,80,,,,7.7,6,74.6,18.7,,3.12,74.6,18.7,3.12
7,С245,240,кв.80х3,80,80,,,,9.2,7.2,89.5,22.4,,3.12,89.5,22.4,3.12
8,С245,240,кв.80х4,80,80,,,,12.2,9.6,115.3,28.8,,3.07,115.3,28.8,3.07
9,С245,240,кв.80х5,80,80,,,,15,11.8,138,34.5,,3.03,138,34.5,3.03
10,С245,240,кв.80х6,80,80,,,,17.8,14,158.1,39.5,,2.98,158.1,39.5,2.98
11,С245,240,кв.100х3,100,100,,,,11.6,9.1,180.2,36,,3.94,180.2,36,3.94
12,С245,240,кв.100х4,100,100,,,,15.3,12,231.3,46.3,,3.89,231.3,46.3,3.89
13,С245,240,кв.100х5,100,100,,,,18.9,14.8,278.7,55.7,,3.84,278.7,55.7,3.84
14,С245,240,кв.100х6,100,100,,,,22.6,17.7,326.3,65.3,,3.8,326.3,65.3,3.8
15,С245,240,кв.100х7,100,100,,,,26.2,20.5,373.9,74.8,,3.75,373.9,74.8,3.75
16,С245,240,кв.120х3,120,120,,,,14,11,315.1,52.5,,4.76,315.1,52.5,4.76
17,С245,240,кв.120х4,120,120,,,,18.5,14.5,408.5,68.1,,4.71,408.5,68.1,4.71
18,С245,240,кв.120х5,120,120,,,,22.9,18,497.9,83,,4.66,497.9,83,4.66
19,С245,240,кв.120х6,120,120,,,,27.4,21.5,583.4,97.2,,4.61,583.4,97.2,4.61
20,С245,240,кв.140х4,140,140,,,,21.6,17,657.9,94,,5.52,657.9,94,5.52
21,С245,240,кв.140х5,140,140,,,,26.9,21.1,808.4,115.5,,5.48,808.4,115.5,5.48
22,С245,240,кв.140х6,140,140,,,,32.1,25.2,947.1,135.3,,5.43,947.1,135.3,5.43
23,С245,240,кв.140х7,140,140,,,,37.2,29.2,1077.1,153.9,,5.38,1077.1,153.9,5.38
24,С245,240,кв.140х8,140,140,,,,42.3,33.2,1201.7,171.7,,5.33,1201.7,171.7,5.33
25,С245,240,кв.160х4,160,160,,,,24.7,19.4,989.7,123.7,,6.33,989.7,123.7,6.33
26,С245,240,кв.160х5,160,160,,,,30.7,24.1,1214.6,151.8,,6.29,1214.6,151.8,6.29
27,С245,240,кв.160х6,160,160,,,,36.8,28.9,1435.1,179.4,,6.24,1435.1,179.4,6.24
28,С245,240,кв.160х7,160,160,,,,42.8,33.6,1640.8,205.1,,6.2,1640.8,205.1,6.2
29,С245,240,кв.160х8,160,160,,,,48.7,38.2,1836.9,229.6,,6.15,1836.9,229.6,6.15
30,С245,240,кв.180х5,180,180,,,,34.6,27.2,1749.1,194.3,,7.11,1749.1,194.3,7.11
31,С245,240,кв.180х6,180,180,,,,41.4,32.5,2063.5,229.3,,7.06,2063.5,229.3,7.06
32,С245,240,кв.180х7,180,180,,,,48.2,37.8,2372.1,263.6,,7.01,2372.1,263.6,7.01
33,С245,240,кв.180х8,180,180,,,,54.8,43,2663.3,295.9,,6.97,2663.3,295.9,6.97
34,С245,240,кв.180х9,180,180,,,,61.5,48.3,2976.5,326.2,,6.91,2976.5,326.2,6.91
35,С245,240,кв.180х10,180,180,,,,68.2,53.5,3300.7,353.5,,6.86,3300.7,353.5,6.86
36,С245,240,кв.200х5,200,200,,,,38.4,30.1,2410,241,,7.93,2410,241,7.93
37,С245,240,кв.200х6,200,200,,,,45.6,35.8,2832,283,,7.88,2832,283,7.88
38,С245,240,кв.200х7,200,200,,,,52.8,41.4,3236,324,,7.83,3236,324,7.83
39,С245,240,кв.200х8,200,200,,,,59.8,46.9,3621,362,,7.78,3621,362,7.78
40,С245,240,кв.200х9,200,200,,,,66.7,52.3,3987,399,,7.73,3987,399,7.73
41,С245,240,кв.200х10,200,200,,,,73.4,57.6,4336,434,,7.68,4336,434,7.68
42,С245,240,кв.200х11,200,200,,,,80,62.8,4667,467,,7.64,4667,467,7.64
43,С245,240,кв.200х12,200,200,,,,86.5,67,4980,498,,7.59,4980,498,7.59
44,С245,240,кв.200х13,200,200,,,,92.9,72.9,4685,527,,7.54,4685,527,7.54
45,С245,240,кв.200х14,200,200,,,,99.2,77.9,4408,554,,7.49,4408,554,7.49
46,С245,240,кв.250х8,250,250,,,,75.8,59.5,7315,585,,9.82,7315,585,9.82
47,С245,240,кв.250х9,250,250,,,,84.7,66.5,8092,647,,9.78,8092,647,9.78
48,С245,240,кв.250х10,250,250,,,,93.4,73.3,8840,707,,9.73,8840,707,9.73
49,С245,240,кв.250х11,250,250,,,,102,80.1,9559,765,,9.68,9559,765,9.68
50,С245,240,кв.250х12,250,250,,,,111,86.8,10251,820,,9.63,10251,820,9.63
51,С245,240,кв.250х13,250,250,,,,119,93.4,10917,872,,9.58,10917,872,9.58
52,С245,240,кв.250х14,250,250,,,,127,99.8,11550,924,,9.53,11550,924,9.53
53,С245,240,кв.300х8,300,300,,,,89.9,70.5,12812,846,,11.94,12812,846,11.94
54,С245,240,кв.300х9,300,300,,,,101,79.3,14302,949,,11.9,14302,949,11.9
55,С245,240,кв.300х10,300,300,,,,113,89,15712,1047,,11.79,15712,1047,11.79
56,С245,240,кв.300х11,300,300,,,,124,97.3,17080,1139,,11.74,17080,1139,11.74
57,С245,240,кв.300х12,300,300,,,,135,106,18330,1222,,11.65,18330,1222,11.65
58,С245,240,кв.300х13,300,300,,,,145,113.8,19580,1309,,11.62,19580,1309,11.62
59,С245,240,кв.300х14,300,300,,,,155,122,20784,1386,,11.58,20784,1386,11.58
60,С245,240,пр.60х40х2,60,60,,,,3.8,3,18.8,6.2,,2.23,10,5,1.63
61,С245,240,"пр.60х40х2,5",60,60,,,,4.7,3.6,22.4,7.4,,2.2,11.8,5.9,1.6
62,С245,240,пр.60х40х3,60,60,,,,5.5,4.3,26,8.6,,2.18,13.7,6.8,1.58
63,С245,240,пр.60х40х4,60,60,,,,7.1,5.5,32.2,10.7,,2.13,16.7,8.3,1.54
64,С245,240,пр.60х40х5,60,60,,,,8.6,6.7,37.1,12.3,,2.08,19.1,9.5,1.49
65,С245,240,пр.100х60х3,100,100,,,,9.2,7.2,123.2,24.6,,3.66,55.6,18.5,2.46
66,С245,240,пр.100х60х4,100,100,,,,12.2,9.6,157.6,31.5,,3.59,70.8,23.6,2.41
67,С245,240,пр.100х60х5,100,100,,,,15,11.8,187.8,37.6,,3.54,83.8,27.9,2.36
68,С245,240,пр.100х60х6,100,100,,,,17.8,14,216.3,43.3,,3.48,96.2,32.1,2.32
69,С245,240,пр.120х80х3,120,120,,,,11.6,9.1,233.4,38.9,,4.48,124.8,31.2,3.27
70,С245,240,пр.120х80х4,120,120,,,,15.3,12,299,49.8,,4.42,159.7,39.9,3.23
71,С245,240,пр.120х80х5,120,120,,,,18.9,14.8,361.4,60.2,,4.37,192.4,48.1,3.19
72,С245,240,пр.120х80х6,120,120,,,,22.6,17.7,423.2,70.5,,4.33,224.1,56,3.15
73,С245,240,пр.120х80х7,120,120,,,,26.3,20.6,483.2,80.4,,4.28,254.6,63.8,3.1
74,С245,240,пр.140х60х4,140,140,,,,15.3,12,362.1,51.7,,4.86,95.4,31.8,2.5
75,С245,240,пр.140х60х5,140,140,,,,18.9,14.8,436.1,62.3,,4.8,113.6,37.9,2.45
76,С245,240,пр.140х60х6,140,140,,,,22.6,17.7,509.7,72.8,,4.75,131.3,43.8,2.41
77,С245,240,пр.140х100х3,140,140,,,,14.2,11.1,404.2,57.7,,5.31,241.2,48.2,4.1
78,С245,240,пр.140х100х4,140,140,,,,18.5,14.5,511.3,73,,5.26,304.3,60.9,4.05
79,С245,240,пр.140х100х5,140,140,,,,22.9,18,619.7,88.5,,5.2,368,73.6,4.01
80,С245,240,пр.140х100х6,140,140,,,,27.4,21.5,729.2,104.2,,5.16,432.4,86.5,3.97
81,С245,240,пр.140х100х7,140,140,,,,32,25.1,839.8,120,,5.11,497.5,99.5,3.92
82,С245,240,пр.160х80х3,160,160,,,,13.9,10.9,455,56.9,,5.7,155.2,38.8,3.34
83,С245,240,пр.160х80х4,160,160,,,,18.5,14.5,606.7,75.8,,5.73,206.9,51.7,3.34
84,С245,240,пр.160х80х5,160,160,,,,22.9,18,735.9,92,,5.67,248.7,62.2,3.29
85,С245,240,пр.160х80х6,160,160,,,,27.4,21.5,864.7,108.1,,5.62,280.7,72.7,3.26
86,С245,240,пр.160х120х4,160,160,,,,21.6,17,799.2,99.9,,6.08,514,85.7,4.88
87,С245,240,пр.160х120х5,160,160,,,,26.9,21.1,978.2,122.3,,6.03,628.4,104.7,4.83
88,С245,240,пр.160х120х6,160,160,,,,32.1,25.2,1150.5,143.8,,5.99,736.9,122.8,4.79
89,С245,240,пр.160х120х7,160,160,,,,37.2,29.2,1307.4,163.4,,5.93,836.6,139.4,4.74
90,С245,240,пр.160х120х8,160,160,,,,42.3,33.2,1461,182.6,,5.88,932.5,155.4,4.69
91,С245,240,пр.180х60х5,180,180,,,,22.9,18,833.8,92.6,,6.03,144.7,48.2,2.51
92,С245,240,пр.180х60х6,180,180,,,,27.4,21.5,978.5,108.7,,5.97,166.5,55.5,2.46
93,С245,240,пр.180х100х5,180,180,,,,26.9,21.1,1143,127,,6.52,459.6,91.9,4.13
94,С245,240,пр.180х100х6,180,180,,,,32.1,25.2,1344.4,149.4,,6.47,537.8,107.6,4.09
95,С245,240,пр.180х100х7,180,180,,,,37.2,29.2,1527.9,169.8,,6.41,607.9,121.6,4.04
96,С245,240,пр.180х100х8,180,180,,,,42.3,33.2,1706.1,189.6,,6.35,676,135.2,4
97,С245,240,пр.180х140х4,180,180,,,,24.6,19.3,1165,128.2,,6.91,782.4,111.8,5.7
98,С245,240,пр.180х140х5,180,180,,,,30.7,24.1,1443,160.3,,6.85,981.2,140.2,5.65
99,С245,240,пр.180х140х6,180,180,,,,36.8,28.9,1706.8,189.6,,6.81,1158.9,165.6,5.61
100,С245,240,пр.180х140х7,180,180,,,,42.8,33.6,1952,216.9,,6.75,1322.9,189,5.56
101,С245,240,пр.180х140х8,180,180,,,,48.7,38.2,2187.3,243,,6.7,1480.6,211.5,5.51
102,С245,240,пр.200х120х4,200,200,,,,27.7,21.8,1631.8,163.2,,7.68,1160,145,6.47
103,С245,240,пр.200х160х5,200,200,,,,34.6,27.2,2039.7,204,,7.67,1450,181.2,6.46
104,С245,240,пр.200х160х6,200,200,,,,41.4,32.5,2412.4,241.2,,7.63,1712.3,214,6.43
105,С245,240,пр.200х160х7,200,200,,,,48.2,37.8,2767.1,276.7,,7.58,1962,245.2,6.38
106,С245,240,пр.200х160х8,200,200,,,,54.8,43,3104.3,310.4,,7.53,2199,274.9,6.33
107,С245,240,пр.200х160х9,200,200,,,,61.3,48.1,3424,342.3,,7.48,2436,303.3,6.28
108,С245,240,пр.200х160х10,200,200,,,,67.7,53.1,3726.7,372.4,,7.43,2211.7,330.4,6.23
109,С245,240,пр.300х200х8,300,300,,,,75.8,59.5,9512,634,,11.2,5069,510,8.2
110,С245,240,пр.300х200х9,300,300,,,,84.7,66.5,10527,702,,11.15,5630,563,8.15
111,С245,240,пр.300х200х10,300,300,,,,93.4,73.3,11505,767,,11.1,6143,614,8.11
112,С245,240,пр.300х200х11,300,300,,,,102,80.1,12446,830,,11.05,6634,663,8.06
113,С245,240,пр.300х200х12,300,300,,,,111,86.8,13351,890,,11,7104,710,8.01
114,С245,240,пр.300х200х13,300,300,,,,119,93.4,12482,945,,10.95,7553,755,7.96
115,С245,240,пр.300х200х14,300,300,,,,127,99.8,15054,1004,,10.9,7983,798,7.92
116,С245,240,пр.320х180х8,320,320,,,,75.8,59.5,10341,646,,11.7,4248,472,7.49
117,С245,240,пр.320х180х9,320,320,,,,93.4,73.3,12506,782,,11.6,5111,568,7.4
118,С245,240,пр.320х180х10,320,320,,,,111,86.8,14511,907,,11.5,5899,655,7.31
119,С245,240,пр.320х180х11,320,320,,,,127,99.8,16359,1022,,11.3,6617,735,7.21
120,С245,240,пр.340х160х9,340,340,,,,84.7,66.5,12306,724,,12.1,3793,474,6.69
121,С245,240,пр.340х160х10,340,340,,,,93.4,73.3,13446,791,,12,4130,516,6.65
122,С245,240,пр.340х160х11,340,340,,,,111,86.8,15596,917,,11.9,4755,594,6.56
123,С245,240,пр.340х160х12,340,340,,,,127,99.8,17576,1034,,11.8,5319,655,6.47
124,С245,240,пр.340х260х10,340,340,,,,113,89,18892,1111,,12.9,12510,962,10.5
125,С245,240,пр.340х260х11,340,340,,,,135,106,22054,1297,,12.8,14577,1121,10.4
126,С245,240,пр.340х260х12,340,340,,,,155,122,25020,1472,,12.7,16508,1269,10.3
127,С245,240,пр.380х220х10,380,380,,,,113,89,21925,1154,,13.9,9416,856,9.11
128,С245,240,пр.380х220х11,380,380,,,,135,106,25594,1347,,13.8,10948,995,9.02
129,С245,240,пр.380х220х12,380,380,,,,155,122,29037,1528,,13.7,12370,1125,8.93
130,С245,240,пр.400х200х10,400,400,,,,113,89,23345,1167,,14.3,7949,795,8.37
131,С245,240,пр.400х200х11,400,400,,,,135,106,27248,1362,,14.2,9227,923,8.28
132,С245,240,пр.400х200х12,400,400,,,,155,122,30907,1545,,14.1,10409,1041,8.19
133,С345,340,кв.50х2,50,50,,,,3.9,3,14.4,5.7,,1.96,14.4,5.7,1.96
134,С345,340,"кв.50х2,5",50,50,,,,4.7,3.6,17.2,6.8,,1.93,17.2,6.8,1.93
135,С345,340,кв.50х3,50,50,,,,5.5,4.3,19.9,7.9,,1.91,19.9,7.9,1.91
136,С345,340,кв.50х4,50,50,,,,7.1,5.5,24.5,9.8,,1.86,24.5,9.8,1.86
137,С345,340,кв.50х5,50,50,,,,8.6,6.7,28.3,11.3,,1.81,28.3,11.3,1.81
138,С345,340,"кв.80х2,5",80,80,,,,7.7,6,74.6,18.7,,3.12,74.6,18.7,3.12
139,С345,340,кв.80х3,80,80,,,,9.2,7.2,89.5,22.4,,3.12,89.5,22.4,3.12
140,С345,340,кв.80х4,80,80,,,,12.2,9.6,115.3,28.8,,3.07,115.3,28.8,3.07
141,С345,340,кв.80х5,80,80,,,,15,11.8,138,34.5,,3.03,138,34.5,3.03
142,С345,340,кв.80х6,80,80,,,,17.8,14,158.1,39.5,,2.98,158.1,39.5,2.98
143,С345,340,кв.100х3,100,100,,,,11.6,9.1,180.2,36,,3.94,180.2,36,3.94
144,С345,340,кв.100х4,100,100,,,,15.3,12,231.3,46.3,,3.89,231.3,46.3,3.89
145,С345,340,кв.100х5,100,100,,,,18.9,14.8,278.7,55.7,,3.84,278.7,55.7,3.84
146,С345,340,кв.100х6,100,100,,,,22.6,17.7,326.3,65.3,,3.8,326.3,65.3,3.8
147,С345,340,кв.100х7,100,100,,,,26.2,20.5,373.9,74.8,,3.75,373.9,74.8,3.75
148,С345,340,кв.120х3,120,120,,,,14,11,315.1,52.5,,4.76,315.1,52.5,4.76
149,С345,340,кв.120х4,120,120,,,,18.5,14.5,408.5,68.1,,4.71,408.5,68.1,4.71
150,С345,340,кв.120х5,120,120,,,,22.9,18,497.9,83,,4.66,497.9,83,4.66
151,С345,340,кв.120х6,120,120,,,,27.4,21.5,583.4,97.2,,4.61,583.4,97.2,4.61
152,С345,340,кв.140х4,140,140,,,,21.6,17,657.9,94,,5.52,657.9,94,5.52
153,С345,340,кв.140х5,140,140,,,,26.9,21.1,808.4,115.5,,5.48,808.4,115.5,5.48
154,С345,340,кв.140х6,140,140,,,,32.1,25.2,947.1,135.3,,5.43,947.1,135.3,5.43
155,С345,340,кв.140х7,140,140,,,,37.2,29.2,1077.1,153.9,,5.38,1077.1,153.9,5.38
156,С345,340,кв.140х8,140,140,,,,42.3,33.2,1201.7,171.7,,5.33,1201.7,171.7,5.33
157,С345,340,кв.160х4,160,160,,,,24.7,19.4,989.7,123.7,,6.33,989.7,123.7,6.33
158,С345,340,кв.160х5,160,160,,,,30.7,24.1,1214.6,151.8,,6.29,1214.6,151.8,6.29
159,С345,340,кв.160х6,160,160,,,,36.8,28.9,1435.1,179.4,,6.24,1435.1,179.4,6.24
160,С345,340,кв.160х7,160,160,,,,42.8,33.6,1640.8,205.1,,6.2,1640.8,205.1,6.2
161,С345,340,кв.160х8,160,160,,,,48.7,38.2,1836.9,229.6,,6.15,1836.9,229.6,6.15
162,С345,340,кв.180х5,180,180,,,,34.6,27.2,1749.1,194.3,,7.11,1749.1,194.3,7.11
163,С345,340,кв.180х6,180,180,,,,41.4,32.5,2063.5,229.3,,7.06,2063.5,229.3,7.06
164,С345,340,кв.180х7,180,180,,,,48.2,37.8,2372.1,263.6,,7.01,2372.1,263.6,7.01
165,С345,340,кв.180х8,180,180,,,,54.8,43,2663.3,295.9,,6.97,2663.3,295.9,6.97
166,С345,340,кв.180х9,180,180,,,,61.5,48.3,2976.5,326.2,,6.91,2976.5,326.2,6.91
167,С345,340,кв.180х10,180,180,,,,68.2,53.5,3300.7,353.5,,6.86,3300.7,353.5,6.86
168,С345,340,кв.200х5,200,200,,,,38.4,30.1,2410,241,,7.93,2410,241,7.93
169,С345,340,кв.200х6,200,200,,,,45.6,35.8,2832,283,,7.88,2832,283,7.88
170,С345,340,кв.200х7,200,200,,,,52.8,41.4,3236,324,,7.83,3236,324,7.83
171,С345,340,кв.200х8,200,200,,,,59.8,46.9,3621,362,,7.78,3621,362,7.78
172,С345,340,кв.200х9,200,200,,,,66.7,52.3,3987,399,,7.73,3987,399,7.73
173,С345,340,кв.200х10,200,200,,,,73.4,57.6,4336,434,,7.68,4336,434,7.68
174,С345,340,кв.200х11,200,200,,,,80,62.8,4667,467,,7.64,4667,467,7.64
175,С345,340,кв.200х12,200,200,,,,86.5,67,4980,498,,7.59,4980,498,7.59
176,С345,340,кв.200х13,200,200,,,,92.9,72.9,4685,527,,7.54,4685,527,7.54
177,С345,340,кв.200х14,200,200,,,,99.2,77.9,4408,554,,7.49,4408,554,7.49
178,С345,340,кв.250х8,250,250,,,,75.8,59.5,7315,585,,9.82,7315,585,9.82
179,С345,340,кв.250х9,250,250,,,,84.7,66.5,8092,647,,9.78,8092,647,9.78
180,С345,340,кв.250х10,250,250,,,,93.4,73.3,8840,707,,9.73,8840,707,9.73
181,С345,340,кв.250х11,250,250,,,,102,80.1,9559,765,,9.68,9559,765,9.68
182,С345,340,кв.250х12,250,250,,,,111,86.8,10251,820,,9.63,10251,820,9.63
183,С345,340,кв.250х13,250,250,,,,119,93.4,10917,872,,9.58,10917,872,9.58
184,С345,340,кв.250х14,250,250,,,,127,99.8,11550,924,,9.53,11550,924,9.53
185,С345,340,кв.300х8,300,300,,,,89.9,70.5,12812,846,,11.94,12812,846,11.94
186,С345,340,кв.300х9,300,300,,,,101,79.3,14302,949,,11.9,14302,949,11.9
187,С345,340,кв.300х10,300,300,,,,113,89,15712,1047,,11.79,15712,1047,11.79
188,С345,340,кв.300х11,300,300,,,,124,97.3,17080,1139,,11.74,17080,1139,11.74
189,С345,340,кв.300х12,300,300,,,,135,106,18330,1222,,11.65,18330,1222,11.65
190,С345,340,кв.300х13,300,300,,,,145,113.8,19580,1309,,11.62,19580,1309,11.62
191,С345,340,кв.300х14,300,300,,,,155,122,20784,1386,,11.58,20784,1386,11.58
192,С345,340,пр.60х40х2,60,60,,,,3.8,3,18.8,6.2,,2.23,10,5,1.63
193,С345,340,"пр.60х40х2,5",60,60,,,,4.7,3.6,22.4,7.4,,2.2,11.8,5.9,1.6
194,С345,340,пр.60х40х3,60,60,,,,5.5,4.3,26,8.6,,2.18,13.7,6.8,1.58
195,С345,340,пр.60х40х4,60,60,,,,7.1,5.5,32.2,10.7,,2.13,16.7,8.3,1.54
196,С345,340,пр.60х40х5,60,60,,,,8.6,6.7,37.1,12.3,,2.08,19.1,9.5,1.49
197,С345,340,пр.100х60х3,100,100,,,,9.2,7.2,123.2,24.6,,3.66,55.6,18.5,2.46
198,С345,340,пр.100х60х4,100,100,,,,12.2,9.6,157.6,31.5,,3.59,70.8,23.6,2.41
199,С345,340,пр.100х60х5,100,100,,,,15,11.8,187.8,37.6,,3.54,83.8,27.9,2.36
200,С345,340,пр.100х60х6,100,100,,,,17.8,14,216.3,43.3,,3.48,96.2,32.1,2.32
201,С345,340,пр.120х80х3,120,120,,,,11.6,9.1,233.4,38.9,,4.48,124.8,31.2,3.27
202,С345,340,пр.120х80х4,120,120,,,,15.3,12,299,49.8,,4.42,159.7,39.9,3.23
203,С345,340,пр.120х80х5,120,120,,,,18.9,14.8,361.4,60.2,,4.37,192.4,48.1,3.19
204,С345,340,пр.120х80х6,120,120,,,,22.6,17.7,423.2,70.5,,4.33,224.1,56,3.15
205,С345,340,пр.120х80х7,120,120,,,,26.3,20.6,483.2,80.4,,4.28,254.6,63.8,3.1
206,С345,340,пр.140х60х4,140,140,,,,15.3,12,362.1,51.7,,4.86,95.4,31.8,2.5
207,С345,340,пр.140х60х5,140,140,,,,18.9,14.8,436.1,62.3,,4.8,113.6,37.9,2.45
208,С345,340,пр.140х60х6,140,140,,,,22.6,17.7,509.7,72.8,,4.75,131.3,43.8,2.41
209,С345,340,пр.140х100х3,140,140,,,,14.2,11.1,404.2,57.7,,5.31,241.2,48.2,4.1
210,С345,340,пр.140х100х4,140,140,,,,18.5,14.5,511.3,73,,5.26,304.3,60.9,4.05
211,С345,340,пр.140х100х5,140,140,,,,22.9,18,619.7,88.5,,5.2,368,73.6,4.01
212,С345,340,пр.140х100х6,140,140,,,,27.4,21.5,729.2,104.2,,5.16,432.4,86.5,3.97
213,С345,340,пр.140х100х7,140,140,,,,32,25.1,839.8,120,,5.11,497.5,99.5,3.92
214,С345,340,пр.160х80х3,160,160,,,,13.9,10.9,455,56.9,,5.7,155.2,38.8,3.34
215,С345,340,пр.160х80х4,160,160,,,,18.5,14.5,606.7,75.8,,5.73,206.9,51.7,3.34
216,С345,340,пр.160х80х5,160,160,,,,22.9,18,735.9,92,,5.67,248.7,62.2,3.29
217,С345,340,пр.160х80х6,160,160,,,,27.4,21.5,864.7,108.1,,5.62,280.7,72.7,3.26
218,С345,340,пр.160х120х4,160,160,,,,21.6,17,799.2,99.9,,6.08,514,85.7,4.88
219,С345,340,пр.160х120х5,160,160,,,,26.9,21.1,978.2,122.3,,6.03,628.4,104.7,4.83
220,С345,340,пр.160х120х6,160,160,,,,32.1,25.2,1150.5,143.8,,5.99,736.9,122.8,4.79
221,С345,340,пр.160х120х7,160,160,,,,37.2,29.2,1307.4,163.4,,5.93,836.6,139.4,4.74
222,С345,340,пр.160х120х8,160,160,,,,42.3,33.2,1461,182.6,,5.88,932.5,155.4,4.69
223,С345,340,пр.180х60х5,180,180,,,,22.9,18,833.8,92.6,,6.03,144.7,48.2,2.51
224,С345,340,пр.180х60х6,180,180,,,,27.4,21.5,978.5,108.7,,5.97,166.5,55.5,2.46
225,С345,340,пр.180х100х5,180,180,,,,26.9,21.1,1143,127,,6.52,459.6,91.9,4.13
226,С345,340,пр.180х100х6,180,180,,,,32.1,25.2,1344.4,149.4,,6.47,537.8,107.6,4.09
227,С345,340,пр.180х100х7,180,180,,,,37.2,29.2,1527.9,169.8,,6.41,607.9,121.6,4.04
228,С345,340,пр.180х100х8,180,180,,,,42.3,33.2,1706.1,189.6,,6.35,676,135.2,4
229,С345,340,пр.180х140х4,180,180,,,,24.6,19.3,1165,128.2,,6.91,782.4,111.8,5.7
230,С345,340,пр.180х140х5,180,180,,,,30.7,24.1,1443,160.3,,6.85,981.2,140.2,5.65
231,С345,340,пр.180х140х6,180,180,,,,36.8,28.9,1706.8,189.6,,6.81,1158.9,165.6,5.61
232,С345,340,пр.180х140х7,180,180,,,,42.8,33.6,1952,216.9,,6.75,1322.9,189,5.56
233,С345,340,пр.180х140х8,180,180,,,,48.7,38.2,2187.3,243,,6.7,1480.6,211.5,5.51
234,С345,340,пр.200х120х4,200,200,,,,27.7,21.8,1631.8,163.2,,7.68,1160,145,6.47
235,С345,340,пр.200х160х5,200,200,,,,34.6,27.2,2039.7,204,,7.67,1450,181.2,6.46
236,С345,340,пр.200х160х6,200,200,,,,41.4,32.5,2412.4,241.2,,7.63,1712.3,214,6.43
237,С345,340,пр.200х160х7,200,200,,,,48.2,37.8,2767.1,276.7,,7.58,1962,245.2,6.38
238,С345,340,пр.200х160х8,200,200,,,,54.8,43,3104.3,310.4,,7.53,2199,274.9,6.33
239,С345,340,пр.200х160х9,200,200,,,,61.3,48.1,3424,342.3,,7.48,2436,303.3,6.28
240,С345,340,пр.200х160х10,200,200,,,,67.7,53.1,3726.7,372.4,,7.43,2211.7,330.4,6.23
241,С345,340,пр.300х200х8,300,300,,,,75.8,59.5,9512,634,,11.2,5069,510,8.2
242,С345,340,пр.300х200х9,300,300,,,,84.7,66.5,10527,702,,11.15,5630,563,8.15
243,С345,340,пр.300х200х10,300,300,,,,93.4,73.3,11505,767,,11.1,6143,614,8.11
244,С345,340,пр.300х200х11,300,300,,,,102,80.1,12446,830,,11.05,6634,663,8.06
245,С345,340,пр.300х200х12,300,300,,,,111,86.8,13351,890,,11,7104,710,8.01
246,С345,340,пр.300х200х13,300,300,,,,119,93.4,12482,945,,10.95,7553,755,7.96
247,С345,340,пр.300х200х14,300,300,,,,127,99.8,15054,1004,,10.9,7983,798,7.92
248,С345,340,пр.320х180х8,320,320,,,,75.8,59.5,10341,646,,11.7,4248,472,7.49
249,С345,340,пр.320х180х9,320,320,,,,93.4,73.3,12506,782,,11.6,5111,568,7.4
250,С345,340,пр.320х180х10,320,320,,,,111,86.8,14511,907,,11.5,5899,655,7.31
251,С345,340,пр.320х180х11,320,320,,,,127,99.8,16359,1022,,11.3,6617,735,7.21
252,С345,340,пр.340х160х9,340,340,,,,84.7,66.5,12306,724,,12.1,3793,474,6.69
253,С345,340,пр.340х160х10,340,340,,,,93.4,73.3,13446,791,,12,4130,516,6.65
254,С345,340,пр.340х160х11,340,340,,,,111,86.8,15596,917,,11.9,4755,594,6.56
255,С345,340,пр.340х160х12,340,340,,,,127,99.8,17576,1034,,11.8,5319,655,6.47
256,С345,340,пр.340х260х10,340,340,,,,113,89,18892,1111,,12.9,12510,962,10.5
257,С345,340,пр.340х260х11,340,340,,,,135,106,22054,1297,,12.8,14577,1121,10.4
258,С345,340,пр.340х260х12,340,340,,,,155,122,25020,1472,,12.7,16508,1269,10.3
259,С345,340,пр.380х220х10,380,380,,,,113,89,21925,1154,,13.9,9416,856,9.11
260,С345,340,пр.380х220х11,380,380,,,,135,106,25594,1347,,13.8,10948,995,9.02
261,С345,340,пр.380х220х12,380,380,,,,155,122,29037,1528,,13.7,12370,1125,8.93
262,С345,340,пр.400х200х10,400,400,,,,113,89,23345,1167,,14.3,7949,795,8.37
263,С345,340,пр.400х200х11,400,400,,,,135,106,27248,1362,,14.2,9227,923,8.28
264,С345,340,пр.400х200х12,400,400,,,,155,122,30907,1545,,14.1,10409,1041,8.19
265,С245,240,пр.60х40х2 90°,60,60,,,,3.8,3,10,5,,2.23,18.8,6.2,1.63
266,С245,240,"пр.60х40х2,5 90°",60,60,,,,4.7,3.6,11.8,5.9,,2.2,22.4,7.4,1.6
267,С245,240,пр.60х40х3 90°,60,60,,,,5.5,4.3,13.7,6.8,,2.18,26,8.6,1.58
268,С245,240,пр.60х40х4 90° ,60,60,,,,7.1,5.5,16.7,8.3,,2.13,32.2,10.7,1.54
269,С245,240,пр.60х40х5 90°,60,60,,,,8.6,6.7,19.1,9.5,,2.08,37.1,12.3,1.49
270,С245,240,пр.100х60х3 90°,100,100,,,,9.2,7.2,55.6,18.5,,3.66,123.2,24.6,2.46
271,С245,240,пр.100х60х4 90°,100,100,,,,12.2,9.6,70.8,23.6,,3.59,157.6,31.5,2.41
272,С245,240,пр.100х60х5 90°,100,100,,,,15,11.8,83.8,27.9,,3.54,187.8,37.6,2.36
273,С245,240,пр.100х60х6 90°,100,100,,,,17.8,14,96.2,32.1,,3.48,216.3,43.3,2.32
274,С245,240,пр.120х80х3 90°,120,120,,,,11.6,9.1,124.8,31.2,,4.48,233.4,38.9,3.27
275,С245,240,пр.120х80х4 90°,120,120,,,,15.3,12,159.7,39.9,,4.42,299,49.8,3.23
276,С245,240,пр.120х80х5 90°,120,120,,,,18.9,14.8,192.4,48.1,,4.37,361.4,60.2,3.19
277,С245,240,пр.120х80х6 90°,120,120,,,,22.6,17.7,224.1,56,,4.33,423.2,70.5,3.15
278,С245,240,пр.120х80х7 90°,120,120,,,,26.3,20.6,254.6,63.8,,4.28,483.2,80.4,3.1
279,С245,240,пр.140х60х4 90°,140,140,,,,15.3,12,95.4,31.8,,4.86,362.1,51.7,2.5
280,С245,240,пр.140х60х5 90°,140,140,,,,18.9,14.8,113.6,37.9,,4.8,436.1,62.3,2.45
281,С245,240,пр.140х60х6 90°,140,140,,,,22.6,17.7,131.3,43.8,,4.75,509.7,72.8,2.41
282,С245,240,пр.140х100х3 90°,140,140,,,,14.2,11.1,241.2,48.2,,5.31,404.2,57.7,4.1
283,С245,240,пр.140х100х4 90°,140,140,,,,18.5,14.5,304.3,60.9,,5.26,511.3,73,4.05
284,С245,240,пр.140х100х5 90°,140,140,,,,22.9,18,368,73.6,,5.2,619.7,88.5,4.01
285,С245,240,пр.140х100х6 90°,140,140,,,,27.4,21.5,432.4,86.5,,5.16,729.2,104.2,3.97
286,С245,240,пр.140х100х7 90°,140,140,,,,32,25.1,497.5,99.5,,5.11,839.8,120,3.92
287,С245,240,пр.160х80х3 90°,160,160,,,,13.9,10.9,155.2,38.8,,5.7,455,56.9,3.34
288,С245,240,пр.160х80х4 90°,160,160,,,,18.5,14.5,206.9,51.7,,5.73,606.7,75.8,3.34
289,С245,240,пр.160х80х5 90°,160,160,,,,22.9,18,248.7,62.2,,5.67,735.9,92,3.29
290,С245,240,пр.160х80х6 90°,160,160,,,,27.4,21.5,280.7,72.7,,5.62,864.7,108.1,3.26
291,С245,240,пр.160х120х4 90°,160,160,,,,21.6,17,514,85.7,,6.08,799.2,99.9,4.88
292,С245,240,пр.160х120х5 90°,160,160,,,,26.9,21.1,628.4,104.7,,6.03,978.2,122.3,4.83
293,С245,240,пр.160х120х6 90°,160,160,,,,32.1,25.2,736.9,122.8,,5.99,1150.5,143.8,4.79
294,С245,240,пр.160х120х7 90°,160,160,,,,37.2,29.2,836.6,139.4,,5.93,1307.4,163.4,4.74
295,С245,240,пр.160х120х8 90°,160,160,,,,42.3,33.2,932.5,155.4,,5.88,1461,182.6,4.69
296,С245,240,пр.180х60х5 90°,180,180,,,,22.9,18,144.7,48.2,,6.03,833.8,92.6,2.51
297,С245,240,пр.180х60х6 90°,180,180,,,,27.4,21.5,166.5,55.5,,5.97,978.5,108.7,2.46
298,С245,240,пр.180х100х5 90°,180,180,,,,26.9,21.1,459.6,91.9,,6.52,1143,127,4.13
299,С245,240,пр.180х100х6 90°,180,180,,,,32.1,25.2,537.8,107.6,,6.47,1344.4,149.4,4.09
300,С245,240,пр.180х100х7 90°,180,180,,,,37.2,29.2,607.9,121.6,,6.41,1527.9,169.8,4.04
301,С245,240,пр.180х100х8 90°,180,180,,,,42.3,33.2,676,135.2,,6.35,1706.1,189.6,4
302,С245,240,пр.180х140х4 90°,180,180,,,,24.6,19.3,782.4,111.8,,6.91,1165,128.2,5.7
303,С245,240,пр.180х140х5 90°,180,180,,,,30.7,24.1,981.2,140.2,,6.85,1443,160.3,5.65
304,С245,240,пр.180х140х6 90°,180,180,,,,36.8,28.9,1158.9,165.6,,6.81,1706.8,189.6,5.61
305,С245,240,пр.180х140х7 90°,180,180,,,,42.8,33.6,1322.9,189,,6.75,1952,216.9,5.56
306,С245,240,пр.180х140х8 90°,180,180,,,,48.7,38.2,1480.6,211.5,,6.7,2187.3,243,5.51
307,С245,240,пр.200х120х4 90°,200,200,,,,27.7,21.8,1160,145,,7.68,1631.8,163.2,6.47
308,С245,240,пр.200х160х5 90°,200,200,,,,34.6,27.2,1450,181.2,,7.67,2039.7,204,6.46
309,С245,240,пр.200х160х6 90°,200,200,,,,41.4,32.5,1712.3,214,,7.63,2412.4,241.2,6.43
310,С245,240,пр.200х160х7 90°,200,200,,,,48.2,37.8,1962,245.2,,7.58,2767.1,276.7,6.38
311,С245,240,пр.200х160х8 90°,200,200,,,,54.8,43,2199,274.9,,7.53,3104.3,310.4,6.33
312,С245,240,пр.200х160х9 90°,200,200,,,,61.3,48.1,2436,303.3,,7.48,3424,342.3,6.28
313,С245,240,пр.200х160х10 90°,200,200,,,,67.7,53.1,2211.7,330.4,,7.43,3726.7,372.4,6.23
314,С245,240,пр.300х200х8 90°,300,300,,,,75.8,59.5,5069,510,,11.2,9512,634,8.2
315,С245,240,пр.300х200х9 90°,300,300,,,,84.7,66.5,5630,563,,11.15,10527,702,8.15
316,С245,240,пр.300х200х10 90°,300,300,,,,93.4,73.3,6143,614,,11.1,11505,767,8.11
317,С245,240,пр.300х200х11 90°,300,300,,,,102,80.1,6634,663,,11.05,12446,830,8.06
318,С245,240,пр.300х200х12 90°,300,300,,,,111,86.8,7104,710,,11,13351,890,8.01
319,С245,240,пр.300х200х13 90°,300,300,,,,119,93.4,7553,755,,10.95,12482,945,7.96
320,С245,240,пр.300х200х14 90°,300,300,,,,127,99.8,7983,798,,10.9,15054,1004,7.92
321,С245,240,пр.320х180х8 90°,320,320,,,,75.8,59.5,4248,472,,11.7,10341,646,7.49
322,С245,240,пр.320х180х9 90°,320,320,,,,93.4,73.3,5111,568,,11.6,12506,782,7.4
323,С245,240,пр.320х180х10 90°,320,320,,,,111,86.8,5899,655,,11.5,14511,907,7.31
324,С245,240,пр.320х180х11 90°,320,320,,,,127,99.8,6617,735,,11.3,16359,1022,7.21
325,С245,240,пр.340х160х9 90°,340,340,,,,84.7,66.5,3793,474,,12.1,12306,724,6.69
326,С245,240,пр.340х160х10 90°,340,340,,,,93.4,73.3,4130,516,,12,13446,791,6.65
327,С245,240,пр.340х160х11 90°,340,340,,,,111,86.8,4755,594,,11.9,15596,917,6.56
328,С245,240,пр.340х160х12 90°,340,340,,,,127,99.8,5319,655,,11.8,17576,1034,6.47
329,С245,240,пр.340х260х10 90°,340,340,,,,113,89,12510,962,,12.9,18892,1111,10.5
330,С245,240,пр.340х260х11 90°,340,340,,,,135,106,14577,1121,,12.8,22054,1297,10.4
331,С245,240,пр.340х260х12 90°,340,340,,,,155,122,16508,1269,,12.7,25020,1472,10.3
332,С245,240,пр.380х220х10 90°,380,380,,,,113,89,9416,856,,13.9,21925,1154,9.11
333,С245,240,пр.380х220х11 90°,380,380,,,,135,106,10948,995,,13.8,25594,1347,9.02
334,С245,240,пр.380х220х12 90°,380,380,,,,155,122,12370,1125,,13.7,29037,1528,8.93
335,С245,240,пр.400х200х10 90°,400,400,,,,113,89,7949,795,,14.3,23345,1167,8.37
336,С245,240,пр.400х200х11 90°,400,400,,,,135,106,9227,923,,14.2,27248,1362,8.28
337,С245,240,пр.400х200х12 90°,400,400,,,,155,122,10409,1041,,14.1,30907,1545,8.19
338,С345,340,пр.60х40х2 90°,60,60,,,,3.8,3,10,5,,2.23,18.8,6.2,1.63
339,С345,340,"пр.60х40х2,5 90°",60,60,,,,4.7,3.6,11.8,5.9,,2.2,22.4,7.4,1.6
340,С345,340,пр.60х40х3 90°,60,60,,,,5.5,4.3,13.7,6.8,,2.18,26,8.6,1.58
341,С345,340,пр.60х40х4 90° ,60,60,,,,7.1,5.5,16.7,8.3,,2.13,32.2,10.7,1.54
342,С345,340,пр.60х40х5 90°,60,60,,,,8.6,6.7,19.1,9.5,,2.08,37.1,12.3,1.49
343,С345,340,пр.100х60х3 90°,100,100,,,,9.2,7.2,55.6,18.5,,3.66,123.2,24.6,2.46
344,С345,340,пр.100х60х4 90°,100,100,,,,12.2,9.6,70.8,23.6,,3.59,157.6,31.5,2.41
345,С345,340,пр.100х60х5 90°,100,100,,,,15,11.8,83.8,27.9,,3.54,187.8,37.6,2.36
346,С345,340,пр.100х60х6 90°,100,100,,,,17.8,14,96.2,32.1,,3.48,216.3,43.3,2.32
347,С345,340,пр.120х80х3 90°,120,120,,,,11.6,9.1,124.8,31.2,,4.48,233.4,38.9,3.27
348,С345,340,пр.120х80х4 90°,120,120,,,,15.3,12,159.7,39.9,,4.42,299,49.8,3.23
349,С345,340,пр.120х80х5 90°,120,120,,,,18.9,14.8,192.4,48.1,,4.37,361.4,60.2,3.19
350,С345,340,пр.120х80х6 90°,120,120,,,,22.6,17.7,224.1,56,,4.33,423.2,70.5,3.15
351,С345,340,пр.120х80х7 90°,120,120,,,,26.3,20.6,254.6,63.8,,4.28,483.2,80.4,3.1
352,С345,340,пр.140х60х4 90°,140,140,,,,15.3,12,95.4,31.8,,4.86,362.1,51.7,2.5
353,С345,340,пр.140х60х5 90°,140,140,,,,18.9,14.8,113.6,37.9,,4.8,436.1,62.3,2.45
354,С345,340,пр.140х60х6 90°,140,140,,,,22.6,17.7,131.3,43.8,,4.75,509.7,72.8,2.41
355,С345,340,пр.140х100х3 90°,140,140,,,,14.2,11.1,241.2,48.2,,5.31,404.2,57.7,4.1
356,С345,340,пр.140х100х4 90°,140,140,,,,18.5,14.5,304.3,60.9,,5.26,511.3,73,4.05
357,С345,340,пр.140х100х5 90°,140,140,,,,22.9,18,368,73.6,,5.2,619.7,88.5,4.01
358,С345,340,пр.140х100х6 90°,140,140,,,,27.4,21.5,432.4,86.5,,5.16,729.2,104.2,3.97
359,С345,340,пр.140х100х7 90°,140,140,,,,32,25.1,497.5,99.5,,5.11,839.8,120,3.92
360,С345,340,пр.160х80х3 90°,160,160,,,,13.9,10.9,155.2,38.8,,5.7,455,56.9,3.34
361,С345,340,пр.160х80х4 90°,160,160,,,,18.5,14.5,206.9,51.7,,5.73,606.7,75.8,3.34
362,С345,340,пр.160х80х5 90°,160,160,,,,22.9,18,248.7,62.2,,5.67,735.9,92,3.29
363,С345,340,пр.160х80х6 90°,160,160,,,,27.4,21.5,280.7,72.7,,5.62,864.7,108.1,3.26
364,С345,340,пр.160х120х4 90°,160,160,,,,21.6,17,514,85.7,,6.08,799.2,99.9,4.88
365,С345,340,пр.160х120х5 90°,160,160,,,,26.9,21.1,628.4,104.7,,6.03,978.2,122.3,4.83
366,С345,340,пр.160х120х6 90°,160,160,,,,32.1,25.2,736.9,122.8,,5.99,1150.5,143.8,4.79
367,С345,340,пр.160х120х7 90°,160,160,,,,37.2,29.2,836.6,139.4,,5.93,1307.4,163.4,4.74
368,С345,340,пр.160х120х8 90°,160,160,,,,42.3,33.2,932.5,155.4,,5.88,1461,182.6,4.69
369,С345,340,пр.180х60х5 90°,180,180,,,,22.9,18,144.7,48.2,,6.03,833.8,92.6,2.51
370,С345,340,пр.180х60х6 90°,180,180,,,,27.4,21.5,166.5,55.5,,5.97,978.5,108.7,2.46
371,С345,340,пр.180х100х5 90°,180,180,,,,26.9,21.1,459.6,91.9,,6.52,1143,127,4.13
372,С345,340,пр.180х100х6 90°,180,180,,,,32.1,25.2,537.8,107.6,,6.47,1344.4,149.4,4.09
373,С345,340,пр.180х100х7 90°,180,180,,,,37.2,29.2,607.9,121.6,,6.41,1527.9,169.8,4.04
374,С345,340,пр.180х100х8 90°,180,180,,,,42.3,33.2,676,135.2,,6.35,1706.1,189.6,4
375,С345,340,пр.180х140х4 90°,180,180,,,,24.6,19.3,782.4,111.8,,6.91,1165,128.2,5.7
376,С345,340,пр.180х140х5 90°,180,180,,,,30.7,24.1,981.2,140.2,,6.85,1443,160.3,5.65
377,С345,340,пр.180х140х6 90°,180,180,,,,36.8,28.9,1158.9,165.6,,6.81,1706.8,189.6,5.61
378,С345,340,пр.180х140х7 90°,180,180,,,,42.8,33.6,1322.9,189,,6.75,1952,216.9,5.56
379,С345,340,пр.180х140х8 90°,180,180,,,,48.7,38.2,1480.6,211.5,,6.7,2187.3,243,5.51
380,С345,340,пр.200х120х4 90°,200,200,,,,27.7,21.8,1160,145,,7.68,1631.8,163.2,6.47
381,С345,340,пр.200х160х5 90°,200,200,,,,34.6,27.2,1450,181.2,,7.67,2039.7,204,6.46
382,С345,340,пр.200х160х6 90°,200,200,,,,41.4,32.5,1712.3,214,,7.63,2412.4,241.2,6.43
383,С345,340,пр.200х160х7 90°,200,200,,,,48.2,37.8,1962,245.2,,7.58,2767.1,276.7,6.38
384,С345,340,пр.200х160х8 90°,200,200,,,,54.8,43,2199,274.9,,7.53,3104.3,310.4,6.33
385,С345,340,пр.200х160х9 90°,200,200,,,,61.3,48.1,2436,303.3,,7.48,3424,342.3,6.28
386,С345,340,пр.200х160х10 90°,200,200,,,,67.7,53.1,2211.7,330.4,,7.43,3726.7,372.4,6.23
387,С345,340,пр.300х200х8 90°,300,300,,,,75.8,59.5,5069,510,,11.2,9512,634,8.2
388,С345,340,пр.300х200х9 90°,300,300,,,,84.7,66.5,5630,563,,11.15,10527,702,8.15
389,С345,340,пр.300х200х10 90°,300,300,,,,93.4,73.3,6143,614,,11.1,11505,767,8.11
390,С345,340,пр.300х200х11 90°,300,300,,,,102,80.1,6634,663,,11.05,12446,830,8.06
391,С345,340,пр.300х200х12 90°,300,300,,,,111,86.8,7104,710,,11,13351,890,8.01
392,С345,340,пр.300х200х13 90°,300,300,,,,119,93.4,7553,755,,10.95,12482,945,7.96
393,С345,340,пр.300х200х14 90°,300,300,,,,127,99.8,7983,798,,10.9,15054,1004,7.92
394,С345,340,пр.320х180х8 90°,320,320,,,,75.8,59.5,4248,472,,11.7,10341,646,7.49
395,С345,340,пр.320х180х9 90°,320,320,,,,93.4,73.3,5111,568,,11.6,12506,782,7.4
396,С345,340,пр.320х180х10 90°,320,320,,,,111,86.8,5899,655,,11.5,14511,907,7.31
397,С345,340,пр.320х180х11 90°,320,320,,,,127,99.8,6617,735,,11.3,16359,1022,7.21
398,С345,340,пр.340х160х9 90°,340,340,,,,84.7,66.5,3793,474,,12.1,12306,724,6.69
399,С345,340,пр.340х160х10 90°,340,340,,,,93.4,73.3,4130,516,,12,13446,791,6.65
400,С345,340,пр.340х160х11 90°,340,340,,,,111,86.8,4755,594,,11.9,15596,917,6.56
401,С345,340,пр.340х160х12 90°,340,340,,,,127,99.8,5319,655,,11.8,17576,1034,6.47
402,С345,340,пр.340х260х10 90°,340,340,,,,113,89,12510,962,,12.9,18892,1111,10.5
403,С345,340,пр.340х260х11 90°,340,340,,,,135,106,14577,1121,,12.8,22054,1297,10.4
404,С345,340,пр.340х260х12 90°,340,340,,,,155,122,16508,1269,,12.7,25020,1472,10.3
405,С345,340,пр.380х220х10 90°,380,380,,,,113,89,9416,856,,13.9,21925,1154,9.11
406,С345,340,пр.380х220х11 90°,380,380,,,,135,106,10948,995,,13.8,25594,1347,9.02
407,С345,340,пр.380х220х12 90°,380,380,,,,155,122,12370,1125,,13.7,29037,1528,8.93
408,С345,340,пр.400х200х10 90°,400,400,,,,113,89,7949,795,,14.3,23345,1167,8.37
409,С345,340,пр.400х200х11 90°,400,400,,,,135,106,9227,923,,14.2,27248,1362,8.28
410,С345,340,пр.400х200х12 90°,400,400,,,,155,122,10409,1041,,14.1,30907,1545,8.19
