пролет,k,"Высота, м",вариант,"шаг рам,м",с/в,колонна,коэф исп.%,балка,коэф исп.%_6,прогоны,коэф исп.%_8,балки конек,балки карниз,кололнна опора,колонна карниз,Болты в раме,"металлоемкость оциноковка, кг","металлоемкость узловых пластин, кг"
9м,1.0,3.6,стандарт,6,1/3,ПГС200/20х65х2,73,"ПГС200/20х65х1,5",78,"2ТПС 195х45х1,5 (шаг 1,5м)",82,5х2,6х2,5х2,5х2,188,174.95999999999998,140
9м,1.0,3.6,стандарт,6,2/3,"ПГС245/20х80х1,5",90,"ПГС245/20х80х1,5",89,"2ТПС 200х45х1,5 (шаг 1,125м)",92,6х2,8х2,7х2,8х2,244,183.56,174
9м,1.0,3.6,стандарт,6,2/4,ПГС200/20х65х2,89,ПГС200/20х65х2,81,"2ТПС 200х45х1,5 (шаг 1,125м)",92,5х2,6х2,6х2,8х2,212,201.56,160
9м,1.0,3.6,стандарт,6,3/1,"ПГС245/20х80х1,5",74,ПГС245/20х80х2,70,"2ТПС 200х65х2 (шаг 1,5м)",91,6х2,8х2,7х2,8х2,244,216.44,186
9м,1.0,3.6,стандарт,6,3/2,"ПГС245/20х80х1,5",86,ПГС245/20х80х2,74,"2ТПС 200х65х2 (шаг 1,5м)",90,6х2,8х2,7х2,8х2,244,204.2,186
9м,1.0,3.6,стандарт,6,4/1,"ПГС245/20х80х1,5",89,ПГС245/20х80х2,89,"2ТПС 200х65х2 (шаг 1,125м)",85,7х2,9х2,6х2,8х2,252,216.44,185
9м,1.0,3.6,стандарт,6,4/3,ПГС245/20х80х2,72,"ПГС245/20х80х2,5",72,"2ТПС 200х65х2 (шаг 1,125м)",91,6х2,8х2,6х2,8х2,236,272.6,174
9м,1.0,3.6,стандарт,6,5/1,ПГС245/20х80х2,73,"ПГС245/20х80х2,5",81,"2ТПС 200х65х2 (шаг 0,9м)",82,7х2,9х2,6х2,9х2,260,272.6,191
9м,1.0,3.6,стандарт,6,5/3,ПГС245/20х80х2,79,"ПГС245/20х80х2,5",85,"2ТПС 200х65х2 (шаг 0,9м)",85,7х2,9х2,6х2,9х2,260,272.6,191
9м,1.0,3.6,стандарт,6,2/2,"ПГС245/20х80х1,5",79,"ПГС245/20х80х1,5",85,"2ТПС 200х65х1,5 (шаг 1,25м)",85,7х2,9х2,7х2,8х2,300,556,268
9м,0.8,3.6,стандарт,6,1/3,"ПГС200/20х65х1,5",79,"ПГС200/20х65х1,5",44,"2ТПС 200х65х1,5 (шаг 2,25м)",66,4х2,5х2,5х2,4х2,156,154.51999999999998,135
9м,0.8,3.6,стандарт,6,2/3,"ПГС245/20х80х1,5",72,"ПГС245/20х80х1,5",72,"2ТПС 200х65х1,5 (шаг 1,5м)",81,5х2,7х2,6х2,6х2,204,183.56,154
9м,0.8,3.6,стандарт,6,2/4,ПГС200/20х65х2,73,ПГС200/20х65х2,66,"2ТПС 200х65х1,5 (шаг 1,5м)",84,4х2,5х2,5х2,5х2,164,201.56,130
9м,0.8,3.6,стандарт,6,3/1,"ПГС245/20х80х1,5",59,"ПГС245/20х80х1,5",86,"2ТПС 200х65х1,5 (шаг 1,125м)",80,6х2,8х2,5х2,7х2,220,183.56,176
9м,0.8,3.6,стандарт,6,3/2,"ПГС245/20х80х1,5",70,"ПГС245/20х80х1,5",89,"2ТПС 200х65х1,5 (шаг 1,125м)",82,6х2,8х2,6х2,7х2,228,183.56,170
9м,0.8,3.6,стандарт,6,4/1,"ПГС245/20х80х1,5",72,ПГС245/20х80х2,71,"2ТПС 200х65х2 (шаг 1,5м)",90,6х2,8х2,6х2,8х2,236,216.44,174
9м,0.8,3.6,стандарт,6,4/3,"ПГС245/20х80х1,5",85,ПГС245/20х80х2,75,"2ТПС 200х65х2 (шаг 1,5м)",91,6х2,8х2,7х2,9х2,252,216.44,192
9м,0.8,3.6,стандарт,6,5/1,"ПГС245/20х80х1,5",85,ПГС245/20х80х2,83,"2ТПС 200х65х2 (шаг 1,125м)",85,7х2,9х2,6х2,10х2,268,216.44,203
9м,0.8,3.6,стандарт,6,5/3,ПГС200/20х65х2,73,"ПГС245/20х80х2,5",71,"2ТПС 200х65х2 (шаг 1,125м)",88,6х2,8х2,5х2,8х2,228,255.76,216
9м,0.8,3.6,стандарт,6,2/2,"ПГС200/20х65х1,5",73,"ПГС200/20х65х1,5",84,"2ТПС 200х65х1,5 (шаг 1,25м)",85,7х2,8х2,6х2,7х2,300,556,268
9м,1.0,4.8,стандарт,6,1/3,"ПГС245/20х80х2,5",67,"ПГС200/20х65х1,5",84,"2ТПС 195х45х1,5 (шаг 1,5м)",82,5х2,6х2,6х2,5х2,188,259.2,144
9м,1.0,4.8,стандарт,6,2/3,ПГС245/20х80х2,64,ПГС245/20х80х2,66,"2ТПС 200х45х1,5 (шаг 1,125м)",92,6х2,8х2,7х2,8х2,244,277.2,174
9м,1.0,4.8,стандарт,6,2/4,"ПГС245/20х80х2,5",72,ПГС245/20х80х2,67,"2ТПС 200х45х1,5 (шаг 1,125м)",92,6х2,8х2,7х2,8х2,244,277.2,186
9м,1.0,4.8,стандарт,6,3/1,ПГС245/20х80х2,80,ПГС245/20х80х2,75,"2ТПС 200х65х2 (шаг 1,5м)",91,6х2,8х2,6х2,7х2,228,277.2,174
9м,1.0,4.8,стандарт,6,3/2,ПГС245/20х80х2,81,ПГС245/20х80х2,76,"2ТПС 200х65х2 (шаг 1,5м)",90,6х2,8х2,6х2,7х2,228,277.2,169
9м,1.0,4.8,стандарт,6,4/1,ПГС245/20х80х2,76,"ПГС245/20х80х2,5",71,"2ТПС 200х65х2 (шаг 1,125м)",85,6х2,8х2,6х2,8х2,236,308.32,174
9м,1.0,4.8,стандарт,6,4/3,"ПГС245/20х80х2,5",74,"ПГС245/20х80х2,5",77,"2ТПС 200х65х2 (шаг 1,125м)",91,7х2,10х2,7х2,7х2,260,340,203
9м,1.0,4.8,стандарт,6,5/1,ПГС245/20х80х2,80,"ПГС245/20х80х2,5",85,"2ТПС 200х65х2 (шаг 0,9м)",82,7х2,9х2,7х2,9х2,268,308.32,203
9м,1.0,4.8,стандарт,6,5/3,"ПГС245/20х80х2,5",78,"ПГС245/20х80х2,5",89,"2ТПС 200х65х2 (шаг 0,9м)",85,7х2,9х2,7х2,8х2,260,340,197
9м,1.0,4.8,стандарт,6,2/2,ПГС245/20х80х2,70,"ПГС300/20х80х1,5",80,"2ТПС 200х65х1,5 (шаг 1,25м)",85,6х2,9х2,7х2,7х2,300,556,268
9м,0.8,4.8,стандарт,6,1/3,ПГС245/20х80х2,74,"ПГС200/20х65х1,5",70,"2ТПС 200х65х1,5 (шаг 2,25м)",66,4х2,5х2,6х2,4х2,164,227.51999999999998,139
9м,0.8,4.8,стандарт,6,2/3,ПГС245/20х80х2,77,"ПГС245/20х80х1,5",78,"2ТПС 200х65х1,5 (шаг 1,5м)",81,5х2,7х2,6х2,5х2,196,244.32,150
9м,0.8,4.8,стандарт,6,2/4,ПГС245/20х80х2,83,"ПГС245/20х80х1,5",81,"2ТПС 200х65х1,5 (шаг 1,5м)",84,5х2,8х2,7х2,6х2,220,244.32,171
9м,0.8,4.8,стандарт,6,3/1,"ПГС245/20х80х1,5",81,ПГС245/20х80х2,62,"2ТПС 200х65х1,5 (шаг 1,125м)",80,5х2,7х2,6х2,7х2,212,243.72,160
9м,0.8,4.8,стандарт,6,3/2,ПГС245/20х80х2,62,ПГС245/20х80х2,62,"2ТПС 200х65х1,5 (шаг 1,125м)",82,5х2,7х2,5х2,6х2,196,277.2,150
9м,0.8,4.8,стандарт,6,4/1,ПГС245/20х80х2,66,ПГС245/20х80х2,74,"2ТПС 200х65х2 (шаг 1,5м)",90,6х2,8х2,5х2,7х2,220,277.2,166
9м,0.8,4.8,стандарт,6,4/3,ПГС245/20х80х2,85,ПГС245/20х80х2,80,"2ТПС 200х65х2 (шаг 1,5м)",91,6х2,8х2,7х2,7х2,236,277.2,182
9м,0.8,4.8,стандарт,6,5/1,ПГС245/20х80х2,66,ПГС245/20х80х2,87,"2ТПС 200х65х2 (шаг 1,125м)",85,7х2,9х2,6х2,8х2,252,277.2,185
9м,0.8,4.8,стандарт,6,5/3,"ПГС245/20х80х2,5",70,ПГС300/20х80х2,81,"2ТПС 200х65х2 (шаг 1,125м)",88,7х2,10х2,6х2,7х2,252,323.32000000000005,179
9м,0.8,4.8,стандарт,6,2/2,"ПГС300/20х80х1,5",77,"ПГС245/20х80х1,5",70,"2ТПС 200х65х1,5 (шаг 1,25м)",85,6х2,8х2,7х2,6х2,300,556,268
9м,1.0,6,стандарт,6,1/3,ПГС245/20х80х3,89,"ПГС200/20х65х2,5",74,"2ТПС 195х45х1,5 (шаг 1,5м)",82,5х2,5х2,7х2,5х2,188,395.56,150
9м,1.0,6,стандарт,6,2/3,ПГС245/20х80х2,87,ПГС245/20х80х3,88,"2ТПС 200х45х1,5 (шаг 1,125м)",92,5х2,7х2,6х2,7х2,212,383.8,160
9м,1.0,6,стандарт,6,2/4,"ПГС245/20х80х2,5",85,ПГС245/20х80х2,76,"2ТПС 200х45х1,5 (шаг 1,125м)",92,6х2,8х2,8х2,6х2,236,352.6,180
9м,1.0,6,стандарт,6,3/1,"ПГС245/20х80х2,5",71,ПГС245/20х80х2,86,"2ТПС 200х65х2 (шаг 1,5м)",91,6х2,8х2,6х2,6х2,220,352.6,164
9м,1.0,6,стандарт,6,3/2,"ПГС245/20х80х2,5",78,"ПГС245/20х80х2,5",70,"2ТПС 200х65х2 (шаг 1,5м)",90,6х2,9х2,7х2,7х2,244,383.72,186
9м,1.0,6,стандарт,6,4/1,"ПГС245/20х80х2,5",76,"ПГС245/20х80х2,5",78,"2ТПС 200х65х2 (шаг 1,125м)",85,6х2,8х2,7х2,7х2,236,383.72,181
9м,1.0,6,стандарт,6,4/3,"ПГС300/20х80х2,5",90,ПГС245/20х80х3,79,"2ТПС 200х65х2 (шаг 1,125м)",91,6х2,8х2,9х2,8х2,260,477.15999999999997,194
9м,1.0,6,стандарт,6,5/1,"ПГС245/20х80х2,5",73,"ПГС245/20х80х2,5",88,"2ТПС 200х65х2 (шаг 0,9м)",82,7х2,9х2,7х2,9х2,268,383.72,203
9м,1.0,6,стандарт,6,5/3,ПГС300/20х80х3,85,"ПГС300/20х80х2,5",90,"2ТПС 200х65х2 (шаг 0,9м)",85,7х2,10х2,8х2,8х2,276,473.44,207
9м,1.0,6,стандарт,6,2/2,"ПГС245/20х80х2,5",75,ПГС245/20х80х2,75,"2ТПС 200х65х1,5 (шаг 1,25м)",85,5х2,8х2,7х2,7х2,300,556,268
9м,0.8,6,стандарт,6,1/3,"ПГС245/20х80х2,5",85,ПГС200/20х65х2,72,"2ТПС 200х65х1,5 (шаг 2,25м)",66,4х2,5х2,7х2,4х2,172,329.52000000000004,151
9м,0.8,6,стандарт,6,2/3,"ПГС245/20х80х2,5",84,ПГС245/20х80х2,70,"2ТПС 200х65х1,5 (шаг 1,5м)",81,4х2,7х2,7х2,5х2,196,352.6,158
9м,0.8,6,стандарт,6,2/4,"ПГС245/20х80х2,5",89,ПГС245/20х80х2,75,"2ТПС 200х65х1,5 (шаг 1,5м)",84,4х2,7х2,7х2,5х2,196,352.6,158
9м,0.8,6,стандарт,6,3/1,ПГС245/20х80х2,83,ПГС245/20х80х2,69,"2ТПС 200х65х1,5 (шаг 1,125м)",80,5х2,7х2,6х2,7х2,212,304.28,160
9м,0.8,6,стандарт,6,3/2,"ПГС245/20х80х2,5",64,ПГС245/20х80х2,72,"2ТПС 200х65х1,5 (шаг 1,125м)",82,5х2,8х2,6х2,6х2,212,352.6,176
9м,0.8,6,стандарт,6,4/1,ПГС245/20х80х2,86,ПГС245/20х80х2,81,"2ТПС 200х65х2 (шаг 1,5м)",90,6х2,8х2,7х2,7х2,236,304.28,182
9м,0.8,6,стандарт,6,4/3,"ПГС245/20х80х2,5",88,"ПГС245/20х80х2,5",74,"2ТПС 200х65х2 (шаг 1,5м)",91,5х2,8х2,7х2,7х2,228,383.72,178
9м,0.8,6,стандарт,6,5/1,ПГС245/20х80х2,82,"ПГС245/20х80х2,5",72,"2ТПС 200х65х2 (шаг 1,125м)",85,6х2,8х2,6х2,8х2,236,335.4,186
9м,0.8,6,стандарт,6,5/3,"ПГС300/20х80х2,5",83,"ПГС245/20х80х2,5",71,"2ТПС 200х65х2 (шаг 1,125м)",88,6х2,9х2,8х2,8х2,260,445.88,196
9м,0.8,6,стандарт,6,2/2,ПГС245/20х80х2,74,"ПГС300/20х80х1,5",76,"2ТПС 200х65х1,5 (шаг 1,25м)",85,5х2,7х2,7х2,7х2,300,556,268
12м,1.0,3.6,стандарт,6,1/3,"ПГС300/20х80х1,5",71,"ПГС300/20х80х1,5",89,"2ТПС 200х65х1,5 (шаг 2,0м)",83,6х2,7х2,7х2,7х2,228,216,194
12м,1.0,3.6,стандарт,6,2/3,"ПГС300/20х80х1,5",85,ПГС300/20х80х2,85,"2ТПС 200х45х2 (шаг 1,5м)",86,8х2,9х2,8х2,9х2,284,279,239
12м,1.0,3.6,стандарт,6,2/4,ПГС245/20х80х2,72,ПГС300/20х80х2,88,"2ТПС 200х45х2 (шаг 1,5м)",86,7х2,9х2,7х2,8х2,260,296,227
12м,1.0,3.6,стандарт,6,3/1,"ПГС300/20х80х1,5",88,"ПГС300/20х80х2,5",83,"2ТПС 200х65х2 (шаг 1,2м)",73,7х2,9х2,7х2,11х2,284,327,247
12м,1.0,3.6,стандарт,6,3/2,ПГС245/20х80х2,65,"ПГС300/20х80х2,5",85,"2ТПС 200х65х2 (шаг 1,2м)",73,7х2,9х2,6х2,9х2,260,344,233
12м,1.0,3.6,стандарт,6,4/1,ПГС300/20х80х2,84,ПГС300/20х80х3,82,"2ТПС 200х65х2 (шаг 1,0м)",77,7х2,9х2,7х2,9х2,268,403,227
12м,1.0,3.6,стандарт,6,4/3,ПГС300/20х80х2,85,ПГС300/20х80х3,80,"2ТПС 200х65х2 (шаг 1,0м)",77,7х2,10х2,7х2,11х2,292,403,261
12м,1.0,3.6,стандарт,5,5/1,ПГС245/20х80х2,75,ПГС300/20х80х3,87,"2ТПС 200х65х2 (шаг 1,2м)",78,7х2,9х2,6х2,10х2,268,392,233
12м,1.0,3.6,стандарт,5,5/3,"ПГС245/20х80х2,5",71,ПГС300/20х80х3,80,"2ТПС 200х65х2 (шаг 1,2м)",78,8х2,10х2,7х2,10х2,292,415,253
12м,1.0,3.6,стандарт,6,2/2,"ПГС300/20х80х1,5",85,ПГС300/20х80х2,84,"2ТПС 200х65х1,5 (шаг 1,25м)",85,7х2,9х2,6х2,8х2,300,556,268
12м,0.8,3.6,стандарт,6,1/3,"ПГС245/20х80х1,5",68,"ПГС245/20х80х1,5",81,"2ТПС 200х45х1,5 (шаг 2,0м)",80,7х2,7х2,6х2,6х2,220,208,191
12м,0.8,3.6,стандарт,6,2/3,"ПГС300/20х80х1,5",69,ПГС245/20х80х2,76,"2ТПС 200х65х1,5 (шаг 1,5м)",78,6х2,7х2,7х2,6х2,220,260,192
12м,0.8,3.6,стандарт,6,2/4,"ПГС300/20х80х1,5",75,ПГС245/20х80х2,80,"2ТПС 200х65х1,5 (шаг 1,5м)",78,6х2,7х2,7х2,8х2,236,260,204
12м,0.8,3.6,стандарт,6,3/1,"ПГС300/20х80х1,5",73,ПГС300/20х80х2,89,"2ТПС 200х65х2 (шаг 1,5м)",89,7х2,9х2,6х2,9х2,260,279,217
12м,0.8,3.6,стандарт,6,3/2,"ПГС300/20х80х1,5",75,ПГС245/20х80х2,80,"2ТПС 200х65х2 (шаг 1,5м)",89,7х2,9х2,7х2,9х2,268,260,227
12м,0.8,3.6,стандарт,6,4/1,"ПГС300/20х80х1,5",87,"ПГС300/20х80х2,5",84,"2ТПС 200х65х2 (шаг 1,2м)",74,7х2,9х2,7х2,11х2,284,327,247
12м,0.8,3.6,стандарт,6,4/3,"ПГС300/20х80х1,5",88,"ПГС300/20х80х2,5",86,"2ТПС 200х65х2 (шаг 1,2м)",74,7х2,9х2,8х2,11х2,292,327,253
12м,0.8,3.6,стандарт,6,5/1,ПГС245/20х80х2,72,ПГС300/20х80х3,83,"2ТПС 200х65х2 (шаг 1,5м)",78,7х2,8х2,6х2,10х2,260,392,221
12м,0.8,3.6,стандарт,5,5/3,ПГС300/20х80х2,64,ПГС300/20х80х3,86,"2ТПС 200х65х2 (шаг 1,5м)",78,7х2,9х2,7х2,10х2,276,440,237
12м,0.8,3.6,стандарт,6,2/2,"ПГС300/20х80х1,5",72,ПГС245/20х80х2,73,"2ТПС 200х65х1,5 (шаг 1,25м)",85,7х2,8х2,6х2,7х2,300,556,268
12м,1.0,4.8,стандарт,6,1/3,ПГС300/20х80х2,75,ПГС245/20х80х2,75,"2ТПС 200х65х1,5 (шаг 2,0м)",83,5х2,6х2,7х2,6х2,204,325,187
12м,1.0,4.8,стандарт,6,2/3,ПГС300/20х80х2,84,"ПГС245/20х80х2,5",79,"2ТПС 200х45х2 (шаг 1,5м)",86,6х2,7х2,8х2,8х2,244,366,210
12м,1.0,4.8,стандарт,6,2/4,"ПГС245/20х80х2,5",78,"ПГС300/20х80х2,5",85,"2ТПС 200х45х2 (шаг 1,5м)",86,6х2,8х2,7х2,7х2,236,409,204
12м,1.0,4.8,стандарт,6,3/1,ПГС300/20х80х2,70,"ПГС300/20х80х2,5",80,"2ТПС 200х65х2 (шаг 1,2м)",73,7х2,8х2,7х2,9х2,260,392,227
12м,1.0,4.8,стандарт,6,3/2,ПГС245/20х80х2,74,"ПГС300/20х80х2,5",82,"2ТПС 200х65х2 (шаг 1,2м)",73,8х2,9х2,7х2,9х2,276,378,233
12м,1.0,4.8,стандарт,6,4/1,"ПГС245/20х80х2,5",65,ПГС300/20х80х3,82,"2ТПС 200х65х2 (шаг 1,0м)",77,8х2,9х2,6х2,9х2,268,457,223
12м,1.0,4.8,стандарт,6,4/3,"ПГС245/20х80х2,5",87,ПГС300/20х80х3,85,"2ТПС 200х65х2 (шаг 1,0м)",77,8х2,10х2,8х2,10х2,300,457,259
12м,1.0,4.8,стандарт,5,5/1,ПГС300/20х80х2,89,ПГС300/20х80х3,79,"2ТПС 200х65х2 (шаг 1,2м)",78,8х2,10х2,6х2,11х2,292,440,247
12м,1.0,4.8,стандарт,5,5/3,"ПГС245/20х80х2,5",80,ПГС300/20х80х3,88,"2ТПС 200х65х2 (шаг 1,2м)",78,8х2,9х2,7х2,9х2,276,457,233
12м,1.0,4.8,стандарт,6,2/2,ПГС300/20х80х2,80,"ПГС245/20х80х2,5",77,"2ТПС 200х65х1,5 (шаг 1,25м)",85,7х2,8х2,8х2,8х2,300,556,268
12м,0.8,4.8,стандарт,6,1/3,ПГС245/20х80х2,69,"ПГС300/20х80х1,5",78,"2ТПС 200х45х1,5 (шаг 2,0м)",80,6х2,7х2,6х2,6х2,212,282,182
12м,0.8,4.8,стандарт,6,2/3,ПГС300/20х80х2,67,ПГС245/20х80х2,80,"2ТПС 200х65х1,5 (шаг 1,5м)",78,6х2,7х2,7х2,7х2,228,325,194
12м,0.8,4.8,стандарт,6,2/4,ПГС300/20х80х2,75,ПГС245/20х80х2,85,"2ТПС 200х65х1,5 (шаг 1,5м)",78,6х2,8х2,9х2,7х2,252,325,216
12м,0.8,4.8,стандарт,6,3/1,ПГС245/20х80х2,69,"ПГС245/20х80х2,5",73,"2ТПС 200х65х2 (шаг 1,5м)",89,7х2,8х2,8х2,10х2,276,352,237
12м,0.8,4.8,стандарт,6,3/2,ПГС300/20х80х2,75,ПГС245/20х80х2,85,"2ТПС 200х65х2 (шаг 1,5м)",89,8х2,9х2,6х2,8х2,260,325,223
12м,0.8,4.8,стандарт,6,4/1,ПГС300/20х80х2,71,"ПГС300/20х80х2,5",79,"2ТПС 200х65х2 (шаг 1,2м)",74,8х2,9х2,7х2,9х2,276,392,233
12м,0.8,4.8,стандарт,6,4/3,ПГС300/20х80х2,72,"ПГС300/20х80х2,5",85,"2ТПС 200х65х2 (шаг 1,2м)",74,8х2,9х2,7х2,9х2,276,392,233
12м,0.8,4.8,стандарт,6,5/1,ПГС300/20х80х2,84,ПГС300/20х80х3,79,"2ТПС 200х65х2 (шаг 1,5м)",78,7х2,9х2,7х2,11х2,284,440,247
12м,0.8,4.8,стандарт,5,5/3,"ПГС300/20х80х2,5",69,ПГС300/20х80х3,80,"2ТПС 200х65х2 (шаг 1,5м)",78,7х2,9х2,7х2,10х2,276,457,237
12м,0.8,4.8,стандарт,6,2/2,ПГС245/20х80х2,74,ПГС245/20х80х2,81,"2ТПС 200х65х1,5 (шаг 1,25м)",85,7х2,8х2,7х2,7х2,300,556,268
12м,1.0,6,стандарт,6,1/3,ПГС245/20х80х3,78,"ПГС245/20х80х2,5",70,"2ТПС 200х65х1,5 (шаг 2,0м)",83,6х2,5х2,7х2,5х2,196,465,176
12м,1.0,6,стандарт,6,2/3,ПГС245/20х80х3,84,"ПГС245/20х80х2,5",89,"2ТПС 200х45х2 (шаг 1,5м)",86,6х2,8х2,7х2,6х2,228,465,198
12м,1.0,6,стандарт,6,2/4,"ПГС300/20х80х2,5",85,"ПГС300/20х80х2,5",80,"2ТПС 200х45х2 (шаг 1,5м)",86,6х2,8х2,9х2,7х2,252,475,216
12м,1.0,6,стандарт,6,3/1,"ПГС245/20х80х2,5",72,"ПГС300/20х80х2,5",86,"2ТПС 200х65х2 (шаг 1,2м)",73,7х2,9х2,7х2,8х2,260,451,227
12м,1.0,6,стандарт,6,3/2,"ПГС245/20х80х2,5",84,"ПГС300/20х80х2,5",89,"2ТПС 200х65х2 (шаг 1,2м)",73,7х2,9х2,8х2,8х2,268,451,233
12м,1.0,6,стандарт,6,4/1,"ПГС300/20х80х2,5",65,ПГС300/20х80х3,89,"2ТПС 200х65х2 (шаг 1,0м)",77,7х2,9х2,7х2,9х2,268,523,227
12м,1.0,6,стандарт,5,4/3,"ПГС300/20х80х2,5",87,ПГС300/20х80х3,79,"2ТПС 200х65х2 (шаг 1,5м)",64,7х2,9х2,8х2,9х2,276,523,233
12м,1.0,6,стандарт,5,5/1,"ПГС300/20х80х2,5",68,ПГС300/20х80х3,87,"2ТПС 200х65х2 (шаг 1,2м)",78,8х2,9х2,7х2,9х2,276,523,233
12м,1.0,6,стандарт,5,5/3,ПГС300/20х80х3,70,ПГС300/20х80х3,89,"2ТПС 200х65х2 (шаг 1,2м)",78,8х2,10х2,7х2,9х2,284,570,249
12м,1.0,6,стандарт,6,2/2,"ПГС245/20х80х2,5",87,"ПГС300/20х80х2,5",74,"2ТПС 200х65х1,5 (шаг 1,25м)",85,6х2,8х2,8х2,8х2,300,556,268
12м,0.8,6,стандарт,6,1/3,"ПГС245/20х80х2,5",72,ПГС245/20х80х2,73,"2ТПС 200х45х1,5 (шаг 2,0м)",80,5х2,6х2,6х2,6х2,196,384,177
12м,0.8,6,стандарт,6,2/3,ПГС245/20х80х3,68,ПГС300/20х80х2,77,"2ТПС 200х65х1,5 (шаг 1,5м)",78,6х2,8х2,6х2,5х2,212,443,184
12м,0.8,6,стандарт,6,2/4,ПГС245/20х80х3,76,ПГС300/20х80х2,81,"2ТПС 200х65х1,5 (шаг 1,5м)",78,6х2,8х2,7х2,6х2,228,443,194
12м,0.8,6,стандарт,6,3/1,ПГС300/20х80х2,72,"ПГС245/20х80х2,5",78,"2ТПС 200х65х2 (шаг 1,5м)",89,7х2,8х2,7х2,10х2,268,404,231
12м,0.8,6,стандарт,6,3/2,ПГС245/20х80х3,76,ПГС245/20х80х2,81,"2ТПС 200х65х2 (шаг 1,5м)",89,8х2,9х2,6х2,6х2,244,424,213
12м,0.8,6,стандарт,6,4/1,ПГС300/20х80х2,85,"ПГС300/20х80х2,5",76,"2ТПС 200х65х2 (шаг 1,2м)",74,7х2,9х2,7х2,9х2,268,430,227
12м,0.8,6,стандарт,6,4/3,"ПГС245/20х80х2,5",85,ПГС300/20х80х3,78,"2ТПС 200х65х2 (шаг 1,2м)",74,6х2,8х2,8х2,9х2,260,499,224
12м,0.8,6,стандарт,6,5/1,"ПГС245/20х80х2,5",68,ПГС300/20х80х3,87,"2ТПС 200х65х2 (шаг 1,5м)",78,7х2,9х2,6х2,9х2,260,499,217
12м,0.8,6,стандарт,5,5/3,ПГС300/20х80х3,68,ПГС300/20х80х3,89,"2ТПС 200х65х2 (шаг 1,5м)",78,7х2,9х2,7х2,8х2,260,570,213
12м,0.8,6,стандарт,6,2/2,ПГС300/20х80х2,84,ПГС300/20х80х2,78,"2ТПС 200х65х1,5 (шаг 1,25м)",85,6х2,8х2,8х2,7х2,300,556,268
15м,1.0,3.6,стандарт,6,1/3,ПГС245/20х80х2,86,ПГС245/20х80х2,86,"2ТПС 195х45х1,5 (шаг 1,5м)",79,7х2,7х2,8х2,7х2,228,387,209
15м,1.0,3.6,стандарт,6,2/3,ПГС245/20х80х2,89,"ПГС300/20х80х2,5",82,"2ТПС 200х65х1,5 (шаг 1,25м)",82,8х2,9х2,8х2,10х2,268,471,249
15м,1.0,3.6,стандарт,6,2/4,"ПГС245/20х80х2,5",73,"ПГС300/20х80х2,5",83,"2ТПС 200х65х1,5 (шаг 1,25м)",92,8х2,9х2,8х2,9х2,276,495,225
15м,1.0,3.6,стандарт,6,3/1,ПГС300/20х80х2,88,ПГС300/20х80х3,82,"2ТПС 200х65х2 (шаг 1,5м)",91,9х2,10х2,9х2,12х2,308,543,280
15м,1.0,3.6,стандарт,6,3/2,"ПГС245/20х80х2,5",68,ПГС300/20х80х3,87,"2ТПС 200х65х2 (шаг 1,5м)",91,9х2,10х2,8х2,10х2,308,556,264
15м,1.0,3.6,стандарт,4,4/1,ПГС300/20х80х2,75,"ПГС300/20х80х2,5",86,"2ТПС 200х45х1,5 (шаг 1,5м)",91,9х2,10х2,7х2,10х2,260,482,258
15м,1.0,3.6,стандарт,4,4/3,ПГС245/20х80х2,76,ПГС300/20х80х3,75,"2ТПС 200х45х1,5 (шаг 1,5м)",91,8х2,8х2,7х2,10х2,260,532,233
15м,1.0,3.6,стандарт,4,5/1,"ПГС245/20х80х2,5",70,ПГС300/20х80х3,85,"2ТПС 200х45х1,5 (шаг 1,25м)",90,9х2,10х2,7х2,10х2,284,556,258
15м,1.0,3.6,стандарт,4,5/3,"ПГС245/20х80х2,5",69,ПГС300/20х80х3,88,"2ТПС 200х45х1,5 (шаг 1,25м)",91,9х2,10х2,8х2,11х2,300,556,268
15м,1.0,3.6,стандарт,6,2/2,ПГС245/20х80х2,79,"ПГС300/20х80х2,5",78,"2ТПС 200х65х1,5 (шаг 1,25м)",85,8х2,9х2,7х2,9х2,300,556,268
15м,0.8,3.6,стандарт,6,1/3,"ПГС300/20х80х1,5",90,ПГС245/20х80х2,67,"2ТПС 195х45х1,5 (шаг 1,875м)",79,6х2,7х2,7х2,7х2,220,370,194
15м,0.8,3.6,стандарт,6,2/3,ПГС245/20х80х2,75,ПГС300/20х80х2,88,"2ТПС 200х45х2 (шаг 1,875м)",86,8х2,9х2,8х2,10х2,292,412,249
15м,0.8,3.6,стандарт,6,2/4,ПГС245/20х80х2,86,"ПГС245/20х80х2,5",82,"2ТПС 200х45х2 (шаг 1,875м)",86,8х2,8х2,8х2,9х2,236,439,235
15м,0.8,3.6,стандарт,6,3/1,ПГС245/20х80х2,74,"ПГС300/20х80х2,5",81,"2ТПС 200х65х1,5 (шаг 1,25м)",89,9х2,9х2,7х2,10х2,276,471,248
15м,0.8,3.6,стандарт,6,3/2,ПГС245/20х80х2,81,"ПГС300/20х80х2,5",82,"2ТПС 200х65х1,5 (шаг 1,25м)",89,9х2,9х2,8х2,10х2,292,471,244
15м,0.8,3.6,стандарт,6,4/1,"ПГС245/20х80х2,5",67,ПГС300/20х80х3,85,"2ТПС 200х65х2 (шаг 1,5м)",90,9х2,10х2,7х2,9х2,292,556,248
15м,0.8,3.6,стандарт,6,4/3,"ПГС245/20х80х2,5",79,ПГС300/20х80х3,86,"2ТПС 200х65х2 (шаг 1,5м)",91,9х2,10х2,8х2,11х2,300,556,268
15м,0.8,3.6,стандарт,5,5/1,ПГС300/20х80х2,89,ПГС300/20х80х3,82,"2ТПС 200х45х2 (шаг 1,25м)",83,9х2,10х2,9х2,12х2,332,543,280
15м,0.8,3.6,стандарт,5,5/3,"ПГС245/20х80х2,5",69,ПГС300/20х80х3,88,"2ТПС 200х45х2 (шаг 1,25м)",84,9х2,10х2,8х2,11х2,300,556,254
15м,0.8,3.6,стандарт,6,2/2,ПГС245/20х80х2,75,ПГС300/20х80х2,84,"2ТПС 200х65х1,5 (шаг 1,25м)",85,8х2,9х2,6х2,7х2,300,556,268
15м,1.0,4.8,стандарт,6,1/3,"ПГС245/20х80х2,5",78,ПГС300/20х80х2,84,"2ТПС 195х45х1,5 (шаг 1,5м)",79,7х2,8х2,8х2,7х2,236,485,219
15м,1.0,4.8,стандарт,6,2/3,"ПГС245/20х80х2,5",86,"ПГС300/20х80х2,5",86,"2ТПС 200х65х1,5 (шаг 1,25м)",82,8х2,9х2,8х2,8х2,268,544,237
15м,1.0,4.8,стандарт,6,2/4,"ПГС300/20х80х2,5",88,"ПГС300/20х80х2,5",86,"2ТПС 200х65х1,5 (шаг 1,25м)",92,8х2,9х2,9х2,9х2,276,564,245
15м,1.0,4.8,стандарт,6,3/1,"ПГС245/20х80х2,5",73,ПГС300/20х80х3,89,"2ТПС 200х65х2 (шаг 1,5м)",91,9х2,10х2,8х2,10х2,284,605,264
15м,1.0,4.8,стандарт,6,3/2,"ПГС245/20х80х2,5",76,ПГС300/20х80х3,90,"2ТПС 200х65х2 (шаг 1,5м)",91,9х2,10х2,8х2,10х2,276,605,264
15м,1.0,4.8,стандарт,4,4/1,ПГС300/20х80х2,79,ПГС300/20х80х3,85,"2ТПС 200х45х1,5 (шаг 1,5м)",91,8х2,9х2,7х2,10х2,276,589,238
15м,1.0,4.8,стандарт,4,4/3,"ПГС245/20х80х2,5",70,ПГС300/20х80х3,78,"2ТПС 200х45х1,5 (шаг 1,5м)",91,8х2,9х2,8х2,10х2,276,657,249
15м,1.0,4.8,стандарт,4,5/1,"ПГС245/20х80х2,5",73,ПГС300/20х80х3,89,"2ТПС 200х45х1,5 (шаг 1,25м)",90,10х2,10х2,7х2,10х2,276,605,264
15м,1.0,4.8,стандарт,4,5/3,"ПГС300/20х80х2,5",71,ПГС300/20х80х3,88,"2ТПС 200х45х1,5 (шаг 1,25м)",91,9х2,10х2,8х2,11х2,308,625,268
15м,1.0,4.8,стандарт,6,2/2,"ПГС245/20х80х2,5",75,"ПГС300/20х80х2,5",82,"2ТПС 200х65х1,5 (шаг 1,25м)",85,8х2,9х2,7х2,8х2,300,556,268
15м,0.8,4.8,стандарт,6,1/3,ПГС300/20х80х2,81,ПГС245/20х80х2,71,"2ТПС 195х45х1,5 (шаг 1,875м)",79,6х2,7х2,6х2,6х2,212,444,184
15м,0.8,4.8,стандарт,6,2/3,"ПГС245/20х80х2,5",83,"ПГС245/20х80х2,5",83,"2ТПС 200х45х2 (шаг 1,875м)",86,8х2,8х2,7х2,8х2,228,512,229
15м,0.8,4.8,стандарт,6,2/4,"ПГС245/20х80х2,5",87,"ПГС245/20х80х2,5",87,"2ТПС 200х45х2 (шаг 1,875м)",86,8х2,9х2,8х2,8х2,236,512,235
15м,0.8,4.8,стандарт,6,3/1,ПГС245/20х80х2,82,"ПГС300/20х80х2,5",85,"2ТПС 200х65х1,5 (шаг 1,25м)",89,9х2,9х2,8х2,10х2,276,513,254
15м,0.8,4.8,стандарт,6,3/2,ПГС300/20х80х2,87,"ПГС300/20х80х2,5",83,"2ТПС 200х65х1,5 (шаг 1,25м)",89,9х2,10х2,8х2,10х2,300,528,264
15м,0.8,4.8,стандарт,6,4/1,"ПГС245/20х80х2,5",72,ПГС300/20х80х3,88,"2ТПС 200х65х2 (шаг 1,5м)",90,9х2,10х2,6х2,10х2,276,605,248
15м,0.8,4.8,стандарт,6,4/3,"ПГС300/20х80х2,5",75,ПГС300/20х80х3,89,"2ТПС 200х65х2 (шаг 1,5м)",91,9х2,10х2,8х2,10х2,300,625,264
15м,0.8,4.8,стандарт,5,5/1,"ПГС245/20х80х2,5",73,ПГС300/20х80х3,87,"2ТПС 200х45х2 (шаг 1,25м)",83,10х2,10х2,7х2,10х2,300,605,264
15м,0.8,4.8,стандарт,5,5/3,"ПГС300/20х80х2,5",65,ПГС300/20х80х3,86,"2ТПС 200х45х2 (шаг 1,25м)",84,9х2,10х2,8х2,10х2,316,625,264
15м,0.8,4.8,стандарт,6,2/2,"ПГС245/20х80х2,5",72,"ПГС245/20х80х2,5",79,"2ТПС 200х65х1,5 (шаг 1,25м)",85,8х2,8х2,7х2,8х2,300,556,268
15м,1.0,6,стандарт,6,1/3,"ПГС300/20х80х2,5",89,"ПГС300/20х80х2,5",65,"2ТПС 195х45х1,5 (шаг 1,5м)",79,6х2,8х2,9х2,7х2,244,621,216
15м,1.0,6,стандарт,6,2/3,ПГС300/20х80х3,73,"ПГС300/20х80х2,5",89,"2ТПС 200х65х1,5 (шаг 1,25м)",82,8х2,10х2,9х2,10х2,276,667,265
15м,1.0,6,стандарт,5,2/4,ПГС300/20х80х3,86,"ПГС300/20х80х2,5",78,"2ТПС 200х45х1,5 (шаг 1,5м)",85,7х2,9х2,8х2,7х2,260,667,229
15м,1.0,6,стандарт,6,3/1,"ПГС300/20х80х2,5",80,ПГС300/20х80х3,89,"2ТПС 200х65х2 (шаг 1,5м)",91,9х2,10х2,9х2,10х2,308,728,270
15м,1.0,6,стандарт,5,3/2,"ПГС245/20х80х2,5",76,ПГС300/20х80х3,78,"2ТПС 200х45х1,5 (шаг 1,25м)",91,8х2,8х2,8х2,9х2,300,657,225
15м,1.0,6,стандарт,4,4/1,ПГС300/20х80х2,87,"ПГС300/20х80х2,5",88,"2ТПС 200х45х1,5 (шаг 1,5м)",91,9х2,10х2,8х2,10х2,300,572,264
15м,1.0,6,стандарт,4,4/3,"ПГС245/20х80х2,5",89,ПГС300/20х80х3,84,"2ТПС 200х45х1,5 (шаг 1,5м)",91,8х2,9х2,9х2,10х2,284,657,260
15м,1.0,6,стандарт,4,5/1,"ПГС300/20х80х2,5",68,ПГС300/20х80х3,88,"2ТПС 200х45х1,5 (шаг 1,25м)",90,9х2,10х2,8х2,10х2,300,682,264
15м,1.0,6,стандарт,4,5/3,ПГС300/20х80х3,75,ПГС300/20х80х3,91,"2ТПС 200х45х1,5 (шаг 1,25м)",91,9х2,11х2,8х2,10х2,300,728,268
15м,1.0,6,стандарт,6,2/2,"ПГС300/20х80х2,5",85,"ПГС300/20х80х2,5",84,"2ТПС 200х65х1,5 (шаг 1,25м)",85,8х2,10х2,9х2,9х2,300,556,268
15м,0.8,6,стандарт,6,1/3,"ПГС300/20х80х2,5",74,ПГС300/20х80х2,70,"2ТПС 195х45х1,5 (шаг 1,875м)",79,6х2,7х2,8х2,6х2,212,562,200
15м,0.8,6,стандарт,6,2/3,"ПГС300/20х80х2,5",79,"ПГС300/20х80х2,5",71,"2ТПС 200х45х2 (шаг 1,875м)",86,7х2,8х2,8х2,8х2,244,621,229
15м,0.8,6,стандарт,6,2/4,ПГС300/20х80х3,83,"ПГС300/20х80х2,5",74,"2ТПС 200х45х2 (шаг 1,875м)",86,7х2,9х2,8х2,7х2,252,667,205
15м,0.8,6,стандарт,6,3/1,"ПГС245/20х80х2,5",74,"ПГС300/20х80х2,5",88,"2ТПС 200х65х1,5 (шаг 1,25м)",89,9х2,9х2,7х2,9х2,284,553,238
15м,0.8,6,стандарт,6,3/2,"ПГС245/20х80х2,5",85,ПГС300/20х80х3,78,"2ТПС 200х65х1,5 (шаг 1,25м)",89,8х2,9х2,8х2,9х2,276,596,239
15м,0.8,6,стандарт,6,4/1,"ПГС300/20х80х2,5",72,ПГС300/20х80х3,78,"2ТПС 200х65х2 (шаг 1,5м)",90,9х2,10х2,8х2,10х2,292,682,264
15м,0.8,6,стандарт,5,4/3,"ПГС300/20х80х2,5",77,ПГС300/20х80х3,78,"2ТПС 200х45х2 (шаг 1,5м)",80,8х2,9х2,8х2,9х2,300,728,239
15м,0.8,6,стандарт,5,5/1,"ПГС300/20х80х2,5",68,ПГС300/20х80х3,88,"2ТПС 200х45х2 (шаг 1,25м)",83,9х2,10х2,8х2,10х2,300,682,264
15м,0.8,6,стандарт,5,5/3,ПГС300/20х80х3,73,ПГС300/20х80х3,91,"2ТПС 200х45х2 (шаг 1,25м)",84,9х2,11х2,8х2,10х2,292,728,268
15м,0.8,6,стандарт,6,2/2,"ПГС245/20х80х2,5",84,"ПГС245/20х80х2,5",85,"2ТПС 200х65х1,5 (шаг 1,25м)",85,8х2,9х2,8х2,8х2,300,556,268
18м,1.0,3.6,стандарт,6,1/3,"ПГС245/20х80х2,5",83,"ПГС245/20х80х2,5",85,"2ТПС 200х45х1,5 (шаг 1,8м)",89,8х2,8х2,8х2,7х2,236,544,215
18м,1.0,3.6,стандарт,6,2/3,"ПГС245/20х80х2,5",70,ПГС300/20х80х3,85,"2ТПС 200х45х1,5 (шаг 1,125м)",89,9х2,9х2,8х2,10х2,292,656,252
18м,1.0,3.6,стандарт,6,2/4,"ПГС300/20х80х2,5",80,ПГС300/20х80х3,87,"2ТПС 200х45х1,5 (шаг 1,125м)",89,9х2,9х2,9х2,10х2,308,670,260
18м,1.0,3.6,стандарт,5,3/1,"ПГС300/20х80х2,5",69,ПГС300/20х80х3,88,"2ТПС 200х45х1,5 (шаг 1,125м)",86,10х2,11х2,8х2,11х2,332,670,280
18м,1.0,3.6,стандарт,5,3/2,"ПГС300/20х80х2,5",70,ПГС300/20х80х3,89,"2ТПС 200х45х1,5 (шаг 1,125м)",86,10х2,11х2,8х2,11х2,332,670,280
18м,1.0,3.6,стандарт,4,4/1,"ПГС300/20х80х2,5",71,ПГС300/20х80х3,88,"2ТПС 200х45х2 (шаг 1,8м)",89,10х2,11х2,8х2,11х2,332,670,280
18м,1.0,3.6,стандарт,3.5,4/3,"ПГС245/20х80х2,5",67,ПГС300/20х80х3,85,"2ТПС 200х45х1,5 (шаг 1,8м)",83,10х2,9х2,7х2,10х2,300,656,254
18м,1.0,3.6,стандарт,3,5/1,"ПГС245/20х80х2,5",70,ПГС300/20х80х3,84,"2ТПС 195х45х1,5 (шаг 1,8м)",78,10х2,10х2,7х2,10х2,300,656,264
18м,1.0,3.6,стандарт,3,5/3,"ПГС300/20х80х2,5",65,ПГС300/20х80х3,83,"2ТПС 195х45х1,5 (шаг 1,8м)",78,10х2,10х2,8х2,10х2,316,670,270
18м,1.0,3.6,стандарт,6,2/2,"ПГС245/20х80х2,5",71,ПГС300/20х80х3,85,"2ТПС 200х65х1,5 (шаг 1,25м)",85,9х2,9х2,8х2,10х2,300,556,268
18м,0.8,3.6,стандарт,6,1/3,ПГС300/20х80х2,78,ПГС245/20х80х2,83,"2ТПС 200х45х1,5 (шаг 2,25м)",89,8х2,8х2,8х2,7х2,252,469,225
18м,0.8,3.6,стандарт,6,2/3,ПГС300/20х80х2,85,"ПГС300/20х80х2,5",80,"2ТПС 200х65х1,5 (шаг 1,8м)",88,9х2,9х2,8х2,10х2,300,570,254
18м,0.8,3.6,стандарт,6,2/4,"ПГС245/20х80х2,5",72,"ПГС300/20х80х2,5",86,"2ТПС 200х65х1,5 (шаг 1,8м)",88,9х2,9х2,7х2,8х2,276,583,234
18м,0.8,3.6,стандарт,6,3/1,"ПГС300/20х80х2,5",67,ПГС300/20х80х3,84,"2ТПС 200х65х2 (шаг 1,8м)",80,10х2,10х2,8х2,10х2,316,670,270
18м,0.8,3.6,стандарт,6,3/2,"ПГС300/20х80х2,5",67,ПГС300/20х80х3,86,"2ТПС 200х65х2 (шаг 1,8м)",80,10х2,10х2,8х2,10х2,316,670,270
18м,0.8,3.6,стандарт,5,4/1,"ПГС300/20х80х2,5",79,ПГС300/20х80х3,88,"2ТПС 200х65х2 (шаг 1,8м)",85,10х2,11х2,8х2,11х2,332,670,280
18м,0.8,3.6,стандарт,4.5,4/3,"ПГС245/20х80х2,5",67,ПГС300/20х80х3,87,"2ТПС 200х45х2 (шаг 1,8м)",85,10х2,10х2,8х2,10х2,308,656,264
18м,0.8,3.6,стандарт,4,5/1,"ПГС245/20х80х2,5",75,ПГС300/20х80х3,89,"2ТПС 200х45х1,5 (шаг 1,5м)",83,10х2,10х2,7х2,11х2,308,656,268
18м,0.8,3.6,стандарт,4,5/3,"ПГС300/20х80х2,5",69,ПГС300/20х80х3,88,"2ТПС 200х45х1,5 (шаг 1,5м)",88,10х2,11х2,8х2,11х2,332,670,280
18м,0.8,3.6,стандарт,6,2/2,ПГС245/20х80х2,79,"ПГС300/20х80х2,5",82,"2ТПС 200х65х1,5 (шаг 1,25м)",85,9х2,9х2,8х2,10х2,300,556,268
18м,1.0,4.8,стандарт,6,1/3,"ПГС300/20х80х2,5",78,"ПГС300/20х80х2,5",76,"2ТПС 200х45х1,5 (шаг 1,8м)",89,7х2,8х2,8х2,7х2,252,648,219
18м,1.0,4.8,стандарт,6,2/3,ПГС300/20х80х3,80,ПГС300/20х80х3,88,"2ТПС 200х45х1,5 (шаг 1,125м)",89,9х2,10х2,9х2,9х2,308,757,260
18м,1.0,4.8,стандарт,5,2/4,"ПГС300/20х80х2,5",85,ПГС300/20х80х3,79,"2ТПС 200х45х2 (шаг 2,25м)",85,8х2,9х2,9х2,9х2,292,721,245
18м,1.0,4.8,стандарт,4.5,3/1,"ПГС245/20х80х2,5",71,ПГС300/20х80х3,87,"2ТПС 200х45х2 (шаг 1,8м)",82,10х2,9х2,7х2,10х2,292,702,258
18м,1.0,4.8,стандарт,4.5,3/2,"ПГС245/20х80х2,5",75,ПГС300/20х80х3,89,"2ТПС 200х45х2 (шаг 1,8м)",82,10х2,9х2,7х2,10х2,292,702,258
18м,1.0,4.8,стандарт,4,4/1,ПГС300/20х80х3,64,ПГС300/20х80х3,90,"2ТПС 200х45х2 (шаг 1,8м)",89,10х2,11х2,7х2,10х2,316,757,268
18м,1.0,4.8,стандарт,3.5,4/3,"ПГС245/20х80х2,5",76,ПГС300/20х80х3,88,"2ТПС 200х45х1,5 (шаг 1,8м)",83,10х2,9х2,8х2,10х2,308,702,260
18м,1.0,4.8,стандарт,3,5/1,"ПГС245/20х80х2,5",78,ПГС300/20х80х3,87,"2ТПС 195х45х1,5 (шаг 1,8м)",78,10х2,9х2,7х2,10х2,292,702,244
18м,1.0,4.8,стандарт,3,5/3,"ПГС300/20х80х2,5",68,ПГС300/20х80х3,87,"2ТПС 195х45х1,5 (шаг 1,8м)",78,10х2,10х2,8х2,10х2,316,721,270
18м,1.0,4.8,стандарт,6,2/2,"ПГС300/20х80х2,5",80,ПГС300/20х80х3,86,"2ТПС 200х65х1,5 (шаг 1,25м)",85,9х2,9х2,9х2,10х2,300,556,268
18м,0.8,4.8,стандарт,6,1/3,"ПГС245/20х80х2,5",75,ПГС300/20х80х2,83,"2ТПС 200х45х1,5 (шаг 2,25м)",89,8х2,8х2,7х2,6х2,244,558,209
18м,0.8,4.8,стандарт,6,2/3,"ПГС245/20х80х2,5",83,"ПГС300/20х80х2,5",89,"2ТПС 200х65х1,5 (шаг 1,8м)",88,9х2,9х2,8х2,9х2,284,629,244
18м,0.8,4.8,стандарт,6,2/4,"ПГС300/20х80х2,5",81,ПГС300/20х80х3,76,"2ТПС 200х65х1,5 (шаг 1,8м)",88,8х2,8х2,9х2,9х2,284,721,241
18м,0.8,4.8,стандарт,5,3/1,"ПГС245/20х80х2,5",66,ПГС300/20х80х3,78,"2ТПС 200х45х1,5 (шаг 1,8м)",80,9х2,9х2,8х2,10х2,284,721,250
18м,0.8,4.8,стандарт,5,3/2,"ПГС245/20х80х2,5",67,ПГС300/20х80х3,80,"2ТПС 200х45х2 (шаг 1,8м)",80,9х2,9х2,8х2,10х2,284,702,250
18м,0.8,4.8,стандарт,4.5,4/1,"ПГС300/20х80х2,5",65,ПГС300/20х80х3,83,"2ТПС 200х45х2 (шаг 1,8м)",85,10х2,10х2,7х2,10х2,308,721,264
18м,0.8,4.8,стандарт,4,4/3,"ПГС245/20х80х2,5",69,ПГС300/20х80х3,82,"2ТПС 200х65х1,5 (шаг 1,8м)",85,9х2,9х2,7х2,10х2,268,702,252
18м,0.8,4.8,стандарт,4,5/1,"ПГС300/20х80х2,5",71,ПГС300/20х80х3,89,"2ТПС 200х45х1,5 (шаг 1,5м)",84,10х2,11х2,7х2,11х2,324,721,274
18м,0.8,4.8,стандарт,3.5,5/3,"ПГС245/20х80х2,5",70,ПГС300/20х80х3,85,"2ТПС 195х45х1,5 (шаг 1,5м)",88,10х2,9х2,7х2,10х2,292,702,254
18м,0.8,4.8,стандарт,6,2/2,"ПГС245/20х80х2,5",73,"ПГС300/20х80х2,5",85,"2ТПС 200х65х1,5 (шаг 1,25м)",85,9х2,9х2,8х2,9х2,300,556,268
18м,1.0,6,стандарт,6,1/3,ПГС300/20х80х3,91,ПГС300/20х80х3,70,"2ТПС 200х45х1,5 (шаг 1,8м)",89,6х2,7х2,9х2,7х2,244,823,206
18м,1.0,6,стандарт,5,2/3,ПГС300/20х80х3,86,ПГС300/20х80х3,80,"2ТПС 200х45х2 (шаг 2,25м)",85,8х2,9х2,9х2,8х2,284,823,243
18м,1.0,6,стандарт,4.5,2/4,ПГС300/20х80х3,85,ПГС300/20х80х3,81,"2ТПС 195х45х1,5 (шаг 1,8м)",80,7х2,8х2,9х2,8х2,268,823,235
18м,1.0,6,стандарт,4.5,3/1,"ПГС300/20х80х2,5",71,ПГС300/20х80х3,86,"2ТПС 200х45х2 (шаг 1,8м)",82,10х2,10х2,8х2,10х2,316,777,270
18м,1.0,6,стандарт,4.5,3/2,"ПГС300/20х80х2,5",81,ПГС300/20х80х3,89,"2ТПС 200х45х2 (шаг 1,8м)",82,10х2,10х2,9х2,10х2,324,777,276
18м,1.0,6,стандарт,3.5,4/1,"ПГС245/20х80х2,5",72,ПГС300/20х80х3,88,"2ТПС 200х45х1,5 (шаг 1,8м)",83,10х2,9х2,7х2,10х2,292,752,258
18м,1.0,6,стандарт,3.5,4/3,"ПГС300/20х80х2,5",84,ПГС300/20х80х3,90,"2ТПС 200х45х1,5 (шаг 1,8м)",83,10х2,10х2,9х2,10х2,324,777,276
18м,1.0,6,стандарт,3,5/1,"ПГС300/20х80х2,5",68,ПГС300/20х80х3,87,"2ТПС 195х45х1,5 (шаг 1,8м)",78,10х2,10х2,7х2,10х2,308,777,264
18м,1.0,6,стандарт,3,5/3,ПГС300/20х80х3,70,ПГС300/20х80х3,90,"2ТПС 195х45х1,5 (шаг 1,8м)",78,10х2,10х2,8х2,10х2,316,823,270
18м,1.0,6,стандарт,5,2/2,"ПГС300/20х80х2,5",82,ПГС300/20х80х3,77,"2ТПС 200х65х1,5 (шаг 1,25м)",85,8х2,9х2,9х2,9х2,300,556,268
18м,0.8,6,стандарт,6,1/3,ПГС300/20х80х3,79,"ПГС245/20х80х2,5",79,"2ТПС 200х45х1,5 (шаг 2,25м)",89,7х2,7х2,8х2,6х2,228,711,209
18м,0.8,6,стандарт,6,2/3,ПГС300/20х80х3,80,ПГС300/20х80х3,76,"2ТПС 200х65х1,5 (шаг 1,8м)",88,8х2,9х2,8х2,8х2,276,823,237
18м,0.8,6,стандарт,5,2/4,ПГС300/20х80х3,81,"ПГС300/20х80х2,5",86,"2ТПС 195х45х1,5 (шаг 1,8м)",80,8х2,9х2,8х2,7х2,268,750,235
18м,0.8,6,стандарт,5,3/1,"ПГС245/20х80х2,5",71,ПГС300/20х80х3,81,"2ТПС 200х45х1,5 (шаг 1,8м)",80,9х2,9х2,8х2,10х2,284,752,250
18м,0.8,6,стандарт,5,3/2,"ПГС245/20х80х2,5",80,ПГС300/20х80х3,83,"2ТПС 200х45х2 (шаг 1,8м)",80,9х2,9х2,8х2,10х2,284,752,250
18м,0.8,6,стандарт,4.5,4/1,"ПГС300/20х80х2,5",68,ПГС300/20х80х3,86,"2ТПС 200х45х2 (шаг 1,8м)",85,10х2,10х2,7х2,10х2,308,777,264
18м,0.8,6,стандарт,4,4/3,"ПГС245/20х80х2,5",85,ПГС300/20х80х3,87,"2ТПС 200х65х1,5 (шаг 1,8м)",85,9х2,9х2,8х2,10х2,292,752,258
18м,0.8,6,стандарт,4,5/1,"ПГС300/20х80х2,5",75,ПГС300/20х80х3,89,"2ТПС 200х45х1,5 (шаг 1,5м)",84,10х2,10х2,8х2,11х2,324,777,260
18м,0.8,6,стандарт,3.5,5/3,"ПГС300/20х80х2,5",72,ПГС300/20х80х3,85,"2ТПС 195х45х1,5 (шаг 1,5м)",88,9х2,10х2,8х2,10х2,308,777,264
18м,0.8,6,стандарт,6,2/2,"ПГС300/20х80х2,5",80,"ПГС300/20х80х2,5",85,"2ТПС 200х65х1,5 (шаг 1,25м)",85,9х2,10х2,9х2,9х2,300,556,268
21м,1.0,3.6,стандарт,6,1/3,"ПГС245/20х80х2,5",74,"ПГС300/20х80х2,5",81,"2ТПС 195х45х1,5 (шаг 1,75м)",83,9х2,9х2,8х2,9х2,292,656,274
21м,1.0,3.6,стандарт,5,2/3,"ПГС245/20х80х2,5",82,ПГС300/20х80х3,82,"2ТПС 195х45х1,5 (шаг 2,1м)",70,10х2,9х2,9х2,10х2,316,741,296
21м,1.0,3.6,стандарт,5,2/4,"ПГС245/20х80х2,5",83,ПГС300/20х80х3,90,"2ТПС 195х45х1,5 (шаг 2,1м)",70,10х2,10х2,9х2,10х2,324,741,306
21м,1.0,3.6,стандарт,4,3/1,"ПГС245/20х80х2,5",74,ПГС300/20х80х3,87,"2ТПС 195х45х1,5 (шаг 1,75м)",84,11х2,10х2,8х2,11х2,332,741,309
21м,1.0,3.6,стандарт,4,3/2,"ПГС245/20х80х2,5",75,ПГС300/20х80х3,89,"2ТПС 195х45х1,5 (шаг 1,75м)",84,10х2,10х2,8х2,11х2,324,741,304
21м,1.0,3.6,стандарт,3,4/1,"ПГС245/20х80х2,5",71,ПГС300/20х80х3,83,"2ТПС 195х45х1,5 (шаг 1,75м)",48,11х2,10х2,8х2,11х2,332,741,309
21м,1.0,3.6,стандарт,3,4/3,"ПГС245/20х80х2,5",71,ПГС300/20х80х3,82,"2ТПС 195х45х1,5 (шаг 1,75м)",48,11х2,10х2,8х2,11х2,332,741,309
21м,1.0,3.6,стандарт,2.5,5/1,"ПГС245/20х80х2,5",72,ПГС300/20х80х3,84,"2ТПС 195х45х1,5 (шаг 1,5м)",44,11х2,10х2,7х2,11х2,324,741,303
21м,1.0,3.6,стандарт,2.5,5/3,"ПГС245/20х80х2,5",73,ПГС300/20х80х3,85,"2ТПС 195х45х1,5 (шаг 1,5м)",44,11х2,10х2,7х2,10х2,316,741,299
21м,1.0,3.6,стандарт,5,2/2,ПГС300/20х80х2,89,ПГС300/20х80х3,81,"2ТПС 200х65х1,5 (шаг 1,25м)",85,10х2,10х2,9х2,12х2,300,556,268
21м,0.8,3.6,стандарт,6,1/3,ПГС300/20х80х2,79,ПГС300/20х80х2,86,"2ТПС 195х45х1,5 (шаг 2,1м)",80,9х2,9х2,8х2,8х2,284,560,274
21м,0.8,3.6,стандарт,6,2/3,"ПГС245/20х80х2,5",71,"ПГС300/20х80х2,5",89,"2ТПС 200х45х1,5 (шаг 1,5м)",85,11х2,10х2,8х2,10х2,324,656,305
21м,0.8,3.6,стандарт,6,2/4,"ПГС245/20х80х2,5",80,ПГС300/20х80х3,87,"2ТПС 200х45х1,5 (шаг 1,5м)",85,10х2,9х2,9х2,10х2,316,741,296
21м,0.8,3.6,стандарт,5,3/1,"ПГС245/20х80х2,5",74,ПГС300/20х80х3,87,"2ТПС 200х45х1,5 (шаг 1,5м)",86,11х2,10х2,8х2,10х2,324,741,305
21м,0.8,3.6,стандарт,5,3/2,"ПГС245/20х80х2,5",88,ПГС300/20х80х3,88,"2ТПС 200х45х1,5 (шаг 1,5м)",86,11х2,11х2,9х2,12х2,356,741,325
21м,0.8,3.6,стандарт,4,4/1,"ПГС245/20х80х2,5",76,ПГС300/20х80х3,88,"2ТПС 195х45х1,5 (шаг 1,75м)",81,11х2,10х2,8х2,11х2,332,741,303
21м,0.8,3.6,стандарт,3.5,4/3,"ПГС245/20х80х2,5",67,ПГС300/20х80х3,79,"2ТПС 195х45х1,5 (шаг 2,1м)",79,10х2,9х2,8х2,10х2,308,741,290
21м,0.8,3.6,стандарт,3,5/1,"ПГС245/20х80х2,5",70,ПГС300/20х80х3,81,"2ТПС 195х45х1,5 (шаг 1,5м)",50,10х2,10х2,7х2,11х2,316,741,298
21м,0.8,3.6,стандарт,3,5/3,"ПГС245/20х80х2,5",69,ПГС300/20х80х3,81,"2ТПС 195х45х1,5 (шаг 1,5м)",50,10х2,9х2,7х2,11х2,308,741,294
21м,0.8,3.6,стандарт,6,2/2,ПГС300/20х80х2,86,ПГС300/20х80х3,78,"2ТПС 200х65х1,5 (шаг 1,25м)",85,10х2,10х2,9х2,11х2,300,556,268
21м,1.0,4.8,стандарт,6,1/3,"ПГС300/20х80х2,5",85,"ПГС300/20х80х2,5",83,"2ТПС 195х45х1,5 (шаг 1,75м)",83,9х2,9х2,9х2,8х2,292,724,280
21м,1.0,4.8,стандарт,5,2/3,"ПГС245/20х80х2,5",86,ПГС300/20х80х3,87,"2ТПС 195х45х1,5 (шаг 2,1м)",70,10х2,9х2,10х2,10х2,324,787,310
21м,1.0,4.8,стандарт,4.5,2/4,"ПГС300/20х80х2,5",85,ПГС300/20х80х3,82,"2ТПС 195х45х1,5 (шаг 1,75м)",76,9х2,9х2,10х2,9х2,308,809,284
21м,1.0,4.8,стандарт,4,3/1,"ПГС300/20х80х2,5",69,ПГС300/20х80х3,87,"2ТПС 195х45х1,5 (шаг 1,75м)",84,11х2,11х2,8х2,11х2,340,809,315
21м,1.0,4.8,стандарт,4,3/2,"ПГС300/20х80х2,5",71,ПГС300/20х80х3,89,"2ТПС 195х45х1,5 (шаг 1,75м)",84,11х2,11х2,9х2,11х2,348,809,321
21м,1.0,4.8,стандарт,3,4/1,"ПГС245/20х80х2,5",76,ПГС300/20х80х3,86,"2ТПС 195х45х1,5 (шаг 1,75м)",48,11х2,10х2,8х2,11х2,332,787,309
21м,1.0,4.8,стандарт,3,4/3,"ПГС300/20х80х2,5",70,ПГС300/20х80х3,86,"2ТПС 195х45х1,5 (шаг 1,75м)",48,11х2,10х2,9х2,11х2,340,809,315
21м,1.0,4.8,стандарт,2.5,5/1,"ПГС245/20х80х2,5",69,ПГС300/20х80х3,86,"2ТПС 195х45х1,5 (шаг 1,5м)",44,11х2,10х2,7х2,10х2,316,787,299
21м,1.0,4.8,стандарт,2.5,5/3,"ПГС245/20х80х2,5",70,ПГС300/20х80х3,88,"2ТПС 195х45х1,5 (шаг 1,5м)",44,11х2,9х2,7х2,10х2,308,787,279
21м,1.0,4.8,стандарт,5,2/2,"ПГС300/20х80х2,5",75,ПГС300/20х80х3,84,"2ТПС 200х65х1,5 (шаг 1,25м)",85,10х2,102,9х2,10х2,300,556,268
21м,0.8,4.8,стандарт,6,1/3,"ПГС245/20х80х2,5",85,"ПГС245/20х80х2,5",86,"2ТПС 195х45х1,5 (шаг 2,1м)",80,9х2,8х2,9х2,8х2,284,656,276
21м,0.8,4.8,стандарт,6,2/3,"ПГС300/20х80х2,5",81,ПГС300/20х80х3,89,"2ТПС 200х45х1,5 (шаг 1,5м)",85,9х2,9х2,9х2,9х2,300,809,280
21м,0.8,4.8,стандарт,6,2/4,"ПГС300/20х80х2,5",90,ПГС300/20х80х3,88,"2ТПС 200х45х1,5 (шаг 1,5м)",85,10х2,10х2,10х2,10х2,332,809,310
21м,0.8,4.8,стандарт,5,3/1,"ПГС300/20х80х2,5",69,ПГС300/20х80х3,87,"2ТПС 200х45х1,5 (шаг 1,5м)",86,11х2,11х2,8х2,10х2,332,809,309
21м,0.8,4.8,стандарт,5,3/2,"ПГС300/20х80х2,5",71,ПГС300/20х80х3,89,"2ТПС 200х45х1,5 (шаг 1,5м)",86,11х2,10х2,9х2,11х2,340,809,315
21м,0.8,4.8,стандарт,4,4/1,"ПГС300/20х80х2,5",70,ПГС300/20х80х3,86,"2ТПС 195х45х1,5 (шаг 1,75м)",81,11х2,11х2,8х2,11х2,340,809,315
21м,0.8,4.8,стандарт,3.5,4/3,"ПГС245/20х80х2,5",75,ПГС300/20х80х3,83,"2ТПС 195х45х1,5 (шаг 2,1м)",79,10х2,9х2,8х2,10х2,308,787,290
21м,0.8,4.8,стандарт,3,5/1,"ПГС245/20х80х2,5",71,ПГС300/20х80х3,83,"2ТПС 195х45х1,5 (шаг 1,5м)",50,11х2,10х2,7х2,10х2,316,787,299
21м,0.8,4.8,стандарт,3,5/3,"ПГС245/20х80х2,5",71,ПГС300/20х80х3,88,"2ТПС 195х45х1,5 (шаг 1,5м)",50,11х2,10х2,8х2,11х2,332,787,309
21м,0.8,4.8,стандарт,6,2/2,"ПГС300/20х80х2,5",72,ПГС300/20х80х3,80,"2ТПС 200х65х1,5 (шаг 1,25м)",85,10х2,10х2,9х2,10х2,300,556,268
21м,1.0,6,стандарт,5,1/3,ПГС300/20х80х3,87,"ПГС245/20х80х2,5",88,"2ТПС 195х45х1,5 (шаг 2,1м)",70,8х2,8х2,9х2,8х2,276,777,271
21м,1.0,6,стандарт,4.5,2/3,"ПГС300/20х80х2,5",90,ПГС300/20х80х3,83,"2ТПС 195х45х1,5 (шаг 1,75м)",76,9х2,9х2,9х2,9х2,300,862,280
21м,1.0,6,стандарт,4,2/4,ПГС300/20х80х3,84,ПГС300/20х80х3,77,"2ТПС 195х45х1,5 (шаг 2,1м)",85,9х2,9х2,9х2,8х2,292,908,278
21м,1.0,6,стандарт,4,3/1,ПГС300/20х80х3,64,ПГС300/20х80х3,88,"2ТПС 195х45х1,5 (шаг 1,75м)",91,11х2,11х2,8х2,10х2,332,908,309
21м,1.0,6,стандарт,3.5,3/2,"ПГС245/20х80х2,5",79,ПГС300/20х80х3,85,"2ТПС 195х45х1,5 (шаг 1,75м)",84,10х2,9х2,8х2,10х2,308,837,304
21м,1.0,6,стандарт,3,4/1,"ПГС245/20х80х2,5",80,ПГС300/20х80х3,90,"2ТПС 195х45х1,5 (шаг 1,75м)",48,11х2,10х2,8х2,11х2,332,837,309
21м,1.0,6,стандарт,3,4/3,"ПГС300/20х80х2,5",77,ПГС300/20х80х3,90,"2ТПС 195х45х1,5 (шаг 1,75м)",48,11х2,10х2,9х2,11х2,340,862,315
21м,1.0,6,стандарт,2.5,5/1,"ПГС245/20х80х2,5",74,ПГС300/20х80х3,87,"2ТПС 195х45х1,5 (шаг 1,5м)",44,11х2,9х2,7х2,10х2,308,837,289
21м,1.0,6,стандарт,2.5,5/3,"ПГС245/20х80х2,5",72,ПГС300/20х80х3,89,"2ТПС 195х45х1,5 (шаг 1,5м)",44,11х2,10х2,8х2,10х2,324,837,305
21м,1.0,6,стандарт,5,2/2,ПГС300/20х80х3,76,ПГС300/20х80х3,86,"2ТПС 200х65х1,5 (шаг 1,25м)",85,10х2,10х2,9х2,9х2,300,556,268
21м,0.8,6,стандарт,6,1/3,"ПГС300/20х80х2,5",87,"ПГС300/20х80х2,5",73,"2ТПС 195х45х1,5 (шаг 2,1м)",80,8х2,8х2,9х2,8х2,276,777,271
21м,0.8,6,стандарт,6,2/3,ПГС300/20х80х3,85,ПГС300/20х80х3,89,"2ТПС 200х45х1,5 (шаг 1,5м)",85,10х2,10х2,9х2,9х2,316,908,296
21м,0.8,6,стандарт,5,2/4,ПГС300/20х80х3,84,ПГС300/20х80х3,77,"2ТПС 200х45х1,5 (шаг 2,1м)",87,9х2,9х2,9х2,8х2,292,908,280
21м,0.8,6,стандарт,5,3/1,ПГС300/20х80х3,63,ПГС300/20х80х3,88,"2ТПС 200х45х1,5 (шаг 1,5м)",86,11х2,11х2,8х2,10х2,332,837,309
21м,0.8,6,стандарт,4,3/2,"ПГС245/20х80х2,5",72,ПГС300/20х80х3,79,"2ТПС 195х45х1,5 (шаг 2,1м)",80,10х2,9х2,8х2,10х2,308,837,290
21м,0.8,6,стандарт,4,4/1,ПГС300/20х80х3,63,ПГС300/20х80х3,88,"2ТПС 195х45х1,5 (шаг 1,75м)",81,11х2,11х2,7х2,10х2,324,908,303
21м,0.8,6,стандарт,3.5,4/3,"ПГС300/20х80х2,5",72,ПГС300/20х80х3,83,"2ТПС 195х45х1,5 (шаг 2,1м)",79,10х2,10х2,9х2,10х2,324,862,306
21м,0.8,6,стандарт,3,5/1,"ПГС245/20х80х2,5",74,ПГС300/20х80х3,85,"2ТПС 195х45х1,5 (шаг 1,5м)",50,11х2,10х2,7х2,10х2,316,837,299
21м,0.8,6,стандарт,3,5/3,"ПГС245/20х80х2,5",75,ПГС300/20х80х3,85,"2ТПС 195х45х1,5 (шаг 1,5м)",50,11х2,9х2,7х2,10х2,308,837,289
21м,0.8,6,стандарт,6,2/2,ПГС300/20х80х3,75,ПГС300/20х80х3,83,"2ТПС 200х65х1,5 (шаг 1,25м)",85,10х2,10х2,9х2,9х2,300,556,268
24м,1.0,6,стандарт,6,1/3,ПГС300/20х80х3,86,ПГС300/20х80х2,78,,,7х2,9х2,9х2,6х2,248,787.183296,478
24м,1.0,6,вариант_2,6,1/3,ПГС245/20х80х2,61,ПГС300/20х80х2 сг по Р,85,,,8х2,10х2,7х2,9х2,272,674.5584960000001,507
24м,1.0,6,стандарт,5,2/3,"ПГС300/20х80х2,5",88,"ПГС300/20х80х2,5",87,,,9х2,11х2,10х2,9х2,312,831.982248,555
24м,1.0,6,стандарт,4.5,2/4,ПГС300/20х80х3,85,"ПГС300/20х80х2,5",90,,,8х2,10х2,9х2,7х2,272,878.892648,507
24м,1.0,6,стандарт,4.3,3/1,ПГС300/20х80х2 М.П.390,80,ПГС300/20х80х3,88,,,8х2,10х2,9х2,10х2,296,879.5988960000002,536
24м,1.0,6,стандарт,4.3,3/2,"ПГС300/20х80х2,5",71,ПГС300/20х80х3,89,,,8х2,10х2,9х2,9х2,288,925.5684960000001,526
24м,1.0,6,стандарт,3.33,4/1,ПГС300/20х80х2,83,ПГС300/20х80х3,86,,,9х2,10х2,9х2,10х2,304,879.5988960000002,545
24м,1.0,6,стандарт,3.33,4/3,"ПГС300/20х80х2,5",75,ПГС300/20х80х3,88,,,9х2,10х2,9х2,10х2,304,925.5684960000001,545
24м,1.0,6,стандарт,2.73,5/1,ПГС300/20х80х2,72,ПГС300/20х80х3,87,,,9х2,9х2,8х2,10х2,288,879.5988960000002,526
24м,1.0,6,стандарт,2.73,5/3,ПГС300/20х80х2,81,ПГС300/20х80х3,88,,,9х2,10х2,9х2,10х2,304,879.5988960000002,545
24м,1.0,6,стандарт,6,2/2,ПГС300/20х80х3,84,ПГС300/20х80х3,78,,,8х2,11х2,9х2,9х2,296,972.4788960000001,536
24м,1.0,6,стандарт,4.3,3/3,"ПГС300/20х80х2,5 М.П.390",82,ПГС300/20х80х3,84,,,8х2,11х2,9х2,9х2,296,925.5684960000001,536
24м,0.8,6,стандарт,6,1/3,"ПГС300/20х80х2,5",84,ПГС300/20х80х2,78,,,6х2,9х2,9х2,6х2,240,740.272896,468
24м,0.8,6,вариант_2,6,1/3,"ПГС245/20х80х1,5",70,ПГС300/20х80х2 сг по Р,69,,,8х2,9х2,8х2,11х2,288,632.354496,526
24м,0.8,6,стандарт,6,2/3,"ПГС300/20х80х2,5 М.П.390",80,"ПГС300/20х80х2,5 М.П.390",82,,,8х2,10х2,9х2,8х2,280,831.982248,516
24м,0.8,6,стандарт,6,2/4,ПГС300/20х80х3,89,ПГС300/20х80х3,75,,,7х2,9х2,10х2,8х2,272,972.4788960000001,507
24м,0.8,6,стандарт,5,3/1,ПГС300/20х80х2,82,ПГС300/20х80х3,83,,,8х2,9х2,8х2,10х2,280,879.5988960000002,516
24м,0.8,6,стандарт,5,3/2,ПГС300/20х80х2,86,ПГС300/20х80х3,83,,,8х2,9х2,9х2,11х2,296,879.5988960000002,536
24м,0.8,6,стандарт,4,4/1,ПГС300/20х80х2,81,ПГС300/20х80х3,83,,,8х2,10х2,8х2,10х2,288,879.5988960000002,526
24м,0.8,6,стандарт,3.75,4/3,ПГС300/20х80х2 М.П.390,87,ПГС300/20х80х3,79,,,8х2,9х2,9х2,10х2,288,879.5988960000002,526
24м,0.8,6,стандарт,3.53,5/1,ПГС300/20х80х2,73,ПГС300/20х80х3,88,,,8х2,9х2,7х2,9х2,264,879.5988960000002,497
24м,0.8,6,стандарт,3.16,5/3,ПГС300/20х80х2,83,ПГС300/20х80х3,82,,,9х2,9х2,9х2,10х2,296,879.5988960000002,536
24м,0.8,6,стандарт,6,2/2,"ПГС300/20х80х2,5",75,"ПГС300/20х80х2,5",81,,,8х2,10х2,9х2,8х2,280,831.982248,516
24м,0.8,6,стандарт,5,3/3,"ПГС300/20х80х2,5",78,ПГС300/20х80х3,83,,,8х2,10х2,9х2,9х2,288,925.5684960000001,526
24м,1.0,7,стандарт,6,1/3,ПГС300/20х80х3,89,ПГС300/20х80х2,88,,,7х2,9х2,10х2,6х2,256,841.300096,488
24м,1.0,7,вариант_2,6,1/3,ПГС245/20х80х2,74,ПГС300/20х80х2 сг по Р,86,,,8х2,11х2,8х2,9х2,288,709.9044960000001,526
24м,1.0,7,стандарт,4.5,2/3,ПГС300/20х80х3,87,"ПГС300/20х80х2,5",84,,,8х2,10х2,10х2,10х2,304,933.009448,545
24м,1.0,7,стандарт,3.75,2/4,ПГС300/20х80х3,86,"ПГС300/20х80х2,5",86,,,8х2,10х2,9х2,7х2,272,933.009448,507
24м,1.0,7,стандарт,4.3,3/1,"ПГС300/20х80х2,5",70,ПГС300/20х80х3,87,,,8х2,10х2,8х2,9х2,280,971.8668960000001,516
24м,1.0,7,стандарт,4.3,3/2,"ПГС300/20х80х2,5",84,ПГС300/20х80х3,89,,,9х2,10х2,10х2,9х2,304,971.8668960000001,545
24м,1.0,7,стандарт,3.33,4/1,ПГС300/20х80х2 М.П.390,83,ПГС300/20х80х3,88,,,9х2,10х2,9х2,10х2,304,918.2356960000002,545
24м,1.0,7,стандарт,3.16,4/3,"ПГС300/20х80х2,5",82,ПГС300/20х80х3,83,,,9х2,10х2,10х2,9х2,304,971.8668960000001,545
24м,1.0,7,стандарт,2.73,5/1,ПГС300/20х80х2,79,ПГС300/20х80х3,88,,,9х2,9х2,8х2,10х2,288,918.2356960000002,526
24м,1.0,7,стандарт,2.73,5/3,"ПГС300/20х80х2,5",70,ПГС300/20х80х3,88,,,10х2,10х2,9х2,9х2,304,971.8668960000001,545
24м,1.0,7,стандарт,5,2/2,ПГС300/20х80х3,81,"ПГС300/20х80х2,5",88,,,8х2,11х2,9х2,8х2,288,933.009448,526
24м,1.0,7,стандарт,4.3,3/3,"ПГС300/20х80х2,5 М.П.390",89,ПГС300/20х80х3,89,,,9х2,10х2,10х2,9х2,304,971.8668960000001,545
24м,0.8,7,стандарт,6,1/3,ПГС300/20х80х3,87,ПГС300/20х80х2,84,,,8х2,11х2,11х2,7х2,296,841.300096,536
24м,0.8,7,вариант_2,6,1/3,ПГС245/20х80х2,57,ПГС300/20х80х2 сг по Р,69,,,7х2,9х2,7х2,8х2,248,709.9044960000001,478
24м,0.8,7,стандарт,5,2/3,ПГС300/20х80х3,78,"ПГС300/20х80х2,5",75,,,7х2,8х2,9х2,7х2,248,933.009448,478
24м,0.8,7,стандарт,4.5,2/4,ПГС300/20х80х3,84,"ПГС300/20х80х2,5",75,,,10х2,10х2,10х2,10х2,320,933.009448,564
24м,0.8,7,стандарт,5,3/1,"ПГС300/20х80х2,5",70,ПГС300/20х80х3,85,,,8х2,11х2,8х2,9х2,288,971.8668960000001,526
24м,0.8,7,стандарт,5,3/2,"ПГС300/20х80х2,5",78,ПГС300/20х80х3,82,,,8х2,10х2,9х2,9х2,288,971.8668960000001,526
24м,0.8,7,стандарт,4,4/1,ПГС300/20х80х2 М.П.390,79,ПГС300/20х80х3,84,,,8х2,10х2,8х2,11х2,296,918.2356960000002,536
24м,0.8,7,стандарт,3.75,4/3,"ПГС300/20х80х2,5",78,ПГС300/20х80х3,79,,,8х2,10х2,9х2,9х2,288,971.8668960000001,526
24м,0.8,7,стандарт,3.53,5/1,ПГС300/20х80х2,82,ПГС300/20х80х3,90,,,9х2,10х2,8х2,10х2,296,918.2356960000002,536
24м,0.8,7,стандарт,3.16,5/3,"ПГС300/20х80х2,5",67,ПГС300/20х80х3,82,,,9х2,9х2,8х2,9х2,280,971.8668960000001,516
24м,0.8,7,стандарт,6,2/2,ПГС300/20х80х3,78,"ПГС300/20х80х2,5",88,,,8х2,10х2,9х2,8х2,280,933.009448,516
24м,0.8,7,стандарт,5,3/3,"ПГС300/20х80х2,5 М.П.390",83,ПГС300/20х80х3,83,,,8х2,10х2,10х2,9х2,296,971.8668960000001,536
24м,1.0,8,стандарт,6,1/3,ПГС300/20х80х2,81,ПГС300/20х80х2 сг по Р,89,,,8х2,11х2,9х2,10х2,304,771.576896,545
24м,1.0,8,вариант_2,4,1/3,ПГС300/20х80х3,89,ПГС300/20х80х2,77,,,6х2,8х2,10х2,5х2,232,895.4168960000001,459
24м,1.0,8,стандарт,3.75,2/3,ПГС300/20х80х3,88,"ПГС300/20х80х2,5",73,,,8х2,10х2,9х2,7х2,272,987.126248,507
24м,1.0,8,стандарт,5,2/4,ПГС300/20х80х2 М.П.390,89,ПГС300/20х80х3 сг по Р,85,,,8х2,10х2,10х2,11х2,312,956.8724960000002,555
24м,1.0,8,стандарт,4.3,3/1,"ПГС300/20х80х2,5",79,ПГС300/20х80х3,86,,,8х2,10х2,9х2,9х2,288,1018.1652960000001,526
24м,1.0,8,стандарт,4.3,3/2,ПГС300/20х80х3,84,ПГС300/20х80х3,88,,,9х2,10х2,9х2,8х2,288,1080.712496,526
24м,1.0,8,стандарт,3.33,4/1,"ПГС300/20х80х2,5",73,ПГС300/20х80х3,87,,,9х2,10х2,9х2,10х2,304,1018.1652960000001,545
24м,1.0,8,стандарт,3.16,4/3,ПГС300/20х80х3,82,ПГС300/20х80х3,83,,,11х2,12х2,10х2,9х2,336,1080.712496,584
24м,1.0,8,стандарт,2.73,5/1,"ПГС300/20х80х2,5",63,ПГС300/20х80х3,87,,,9х2,10х2,8х2,9х2,288,1018.1652960000001,526
24м,1.0,8,стандарт,2.73,5/3,"ПГС300/20х80х2,5",84,ПГС300/20х80х3,88,,,10х2,10х2,10х2,10х2,320,1018.1652960000001,564
24м,1.0,8,стандарт,4.5,2/2,ПГС300/20х80х3,86,"ПГС300/20х80х2,5",84,,,8х2,10х2,9х2,7х2,272,987.126248,507
24м,1.0,8,стандарт,4,3/3,ПГС300/20х80х3 М.П.390,85,ПГС300/20х80х3,83,,,8х2,10х2,9х2,8х2,280,1080.712496,516
24м,0.8,8,стандарт,6,1/3,ПГС300/20х80х2,65,ПГС300/20х80х2 сг по Р,72,,,7х2,10х2,8х2,9х2,272,745.2504960000001,507
24м,0.8,8,вариант_2,5,1/3,ПГС300/20х80х3,89,ПГС300/20х80х2,76,,,6х2,8х2,10х2,5х2,232,895.4168960000001,459
24м,0.8,8,стандарт,4.75,2/3,ПГС300/20х80х3,87,ПГС300/20х80х3,76,,,7х2,9х2,9х2,7х2,256,1080.712496,488
24м,0.8,8,стандарт,6,2/4,ПГС300/20х80х2 М.П.390 ,87,"ПГС300/20х80х2,5 М.П.390 сг по Р",88,,,9х2,11х2,11х2,11х2,336,836.9598480000001,584
24м,0.8,8,стандарт,5,3/1,"ПГС300/20х80х2,5",79,ПГС300/20х80х3,85,,,8х2,10х2,9х2,9х2,288,1018.1652960000001,526
24м,0.8,8,стандарт,5,3/2,"ПГС300/20х80х2,5 М.П.390",82,ПГС300/20х80х3 М.П.390,82,,,8х2,10х2,10х2,9х2,296,1018.1652960000001,536
24м,0.8,8,стандарт,4,4/1,"ПГС245/20х80х2,5",81,ПГС300/20х80х3,84,,,9х2,10х2,8х2,9х2,288,647.7780960000001,526
24м,0.8,8,стандарт,3.75,4/3,ПГС300/20х80х3,78,ПГС300/20х80х3,79,,,8х2,10х2,9х2,8х2,280,1080.712496,516
24м,0.8,8,стандарт,3.33,5/1,"ПГС300/20х80х2,5",72,ПГС300/20х80х3,85,,,9х2,10х2,8х2,9х2,288,1018.1652960000001,526
24м,0.8,8,стандарт,3.16,5/3,"ПГС300/20х80х2,5",77,ПГС300/20х80х3,82,,,9х2,10х2,8х2,9х2,288,1018.1652960000001,526
24м,0.8,8,стандарт,6,2/2,ПГС300/20х80х3 М.П.390,82,"ПГС300/20х80х2,5",80,,,8х2,11х2,10х2,8х2,296,987.126248,536
24м,0.8,8,стандарт,4.7,3/3,ПГС300/20х80х3,88,"ПГС300/20х80х2,5 М.П.390",84,,,8х2,10х2,10х2,8х2,288,987.126248,526
24м,1.0,9,стандарт,6,1/3,ПГС300/20х80х2 М.П.390,80,ПГС300/20х80х2 сг по Р,86,,,8х2,11х2,10х2,9х2,304,810.213696,545
24м,1.0,9,вариант_2,3,1/3,ПГС300/20х80х3,88,ПГС245/20х80х2,70,,,8х2,7х2,10х2,5х2,240,910.1428200000001,468
24м,1.0,9,стандарт,3.33,2/3,ПГС300/20х80х3,90,"ПГС300/20х80х2,5",72,,,7х2,9х2,11х2,7х2,272,1041.243048,507
24м,1.0,9,стандарт,4.7,2/4,"ПГС300/20х80х2,5",78,ПГС300/20х80х3 сг по Р,84,,,7х2,10х2,10х2,10х2,296,1064.4636960000003,536
24м,1.0,9,стандарт,4.3,3/1,"ПГС300/20х80х2,5",79,ПГС300/20х80х3,86,,,8х2,10х2,10х2,9х2,296,1064.4636960000003,536
24м,1.0,9,стандарт,4.3,3/2,ПГС300/20х80х3 М.П.390 с распорками,89,ПГС300/20х80х3,89,,,9х2,11х2,10х2,9х2,312,1134.829296,555
24м,1.0,9,стандарт,3.33,4/1,"ПГС300/20х80х2,5",83,ПГС300/20х80х3,87,,,9х2,10х2,10х2,10х2,312,1064.4636960000003,555
24м,1.0,9,стандарт,3,4/3,ПГС300/20х80х3,90,ПГС300/20х80х3,82,,,9х2,10х2,10х2,9х2,304,1134.829296,545
24м,1.0,9,стандарт,2.73,5/1,"ПГС300/20х80х2,5",70,ПГС300/20х80х3,87,,,10х2,10х2,9х2,9х2,304,1064.4636960000003,545
24м,1.0,9,стандарт,2.73,5/3,ПГС300/20х80х3 с распорками,84,ПГС300/20х80х3,88,,,10х2,10х2,10х2,9х2,312,1134.829296,555
24м,1.0,9,стандарт,3,2/2,ПГС300/20х80х3 с распорками,89,"ПГС300/20х80х2,5",79,,,8х2,10х2,10х2,7х2,280,1041.243048,516
24м,1.0,9,стандарт,3.75,3/3,ПГС300/20х80х3 с распорками М.П.390,90,ПГС300/20х80х3,82,,,8х2,10х2,10х2,8х2,288,1134.829296,526
24м,0.8,9,стандарт,6,1/3,ПГС300/20х80х2 с распорками,77,ПГС300/20х80х2 сг по Р,76,,,7х2,10х2,9х2,9х2,280,810.213696,516
24м,0.8,9,вариант_2,4,1/3,ПГС300/20х80х3,87,ПГС300/20х80х2,67,,,8х2,6х2,10х2,5х2,232,949.5336960000001,459
24м,0.8,9,стандарт,3.75,2/3,ПГС300/20х80х3,84,ПГС300/20х80х2,85,,,10х2,10х2,9х2,9х2,304,949.5336960000001,545
24м,0.8,9,стандарт,5,2/4,"ПГС300/20х80х2,5",73,ПГС300/20х80х3 сг по Р,80,,,7х2,10х2,9х2,10х2,288,1064.4636960000003,526
24м,0.8,9,стандарт,5,3/1,"ПГС300/20х80х2,5",87,ПГС300/20х80х3,86,,,8х2,10х2,10х2,9х2,296,1064.4636960000003,536
24м,0.8,9,стандарт,4.7,3/2,ПГС300/20х80х3,86,ПГС300/20х80х3,77,,,8х2,10х2,9х2,8х2,280,1134.829296,516
24м,0.8,9,стандарт,4,4/1,"ПГС300/20х80х2,5",79,ПГС300/20х80х3,83,,,9х2,10х2,9х2,9х2,296,1064.4636960000003,536
24м,0.8,9,стандарт,3.75,4/3,ПГС300/20х80х3,89,ПГС300/20х80х3,82,,,8х2,10х2,10х2,9х2,296,1134.829296,536
24м,0.8,9,стандарт,3.33,5/1,"ПГС300/20х80х2,5",78,ПГС300/20х80х3,85,,,9х2,10х2,8х2,9х2,288,1064.4636960000003,526
24м,0.8,9,стандарт,3.16,5/3,ПГС300/20х80х3 с распорками,77,ПГС300/20х80х3,82,,,9х2,10х2,9х2,8х2,288,1134.829296,526
24м,0.8,9,стандарт,5,2/2,ПГС300/20х80х3 с распорками,84,"ПГС300/20х80х2,5",77,,,7х2,10х2,10х2,7х2,272,1041.243048,507
24м,0.8,9,стандарт,4.5,3/3,ПГС300/20х80х3 распорки,89,"ПГС300/20х80х2,5 М.П.390",84,,,8х2,10х2,10х2,8х2,288,1041.243048,526
